name,input_file,toolchain,settings,rationale
reachsafety-eca-eca-programs-eca-programs-problem101_label00-c-8edda718,/home/hschi1106/sv-benchmarks/c/eca-programs/Problem101_label00.c,/home/hschi1106/ultimate/trunk/examples/toolchains/AutomizerC.xml,/home/hschi1106/ultimate/trunk/examples/Interactive/settings/SVCOMP2017/svcomp-Reach-32bit-Automizer_Default.epf,category=ReachSafety-ECA; subcategory=eca-programs; subcategory_expected_true=1; subcategory_expected_false=4
reachsafety-eca-eca-programs-eca-programs-problem102_label01-c-7051d825,/home/hschi1106/sv-benchmarks/c/eca-programs/Problem102_label01.c,/home/hschi1106/ultimate/trunk/examples/toolchains/AutomizerC.xml,/home/hschi1106/ultimate/trunk/examples/Interactive/settings/SVCOMP2017/svcomp-Reach-32bit-Automizer_Default.epf,category=ReachSafety-ECA; subcategory=eca-programs; subcategory_expected_true=1; subcategory_expected_false=4
reachsafety-eca-eca-programs-eca-programs-problem102_label26-c-12c47a2b,/home/hschi1106/sv-benchmarks/c/eca-programs/Problem102_label26.c,/home/hschi1106/ultimate/trunk/examples/toolchains/AutomizerC.xml,/home/hschi1106/ultimate/trunk/examples/Interactive/settings/SVCOMP2017/svcomp-Reach-32bit-Automizer_Default.epf,category=ReachSafety-ECA; subcategory=eca-programs; subcategory_expected_true=1; subcategory_expected_false=4
reachsafety-eca-eca-programs-eca-programs-problem102_label51-c-6a1b9923,/home/hschi1106/sv-benchmarks/c/eca-programs/Problem102_label51.c,/home/hschi1106/ultimate/trunk/examples/toolchains/AutomizerC.xml,/home/hschi1106/ultimate/trunk/examples/Interactive/settings/SVCOMP2017/svcomp-Reach-32bit-Automizer_Default.epf,category=ReachSafety-ECA; subcategory=eca-programs; subcategory_expected_true=1; subcategory_expected_false=4
reachsafety-eca-eca-programs-eca-programs-problem103_label55-c-daae4deb,/home/hschi1106/sv-benchmarks/c/eca-programs/Problem103_label55.c,/home/hschi1106/ultimate/trunk/examples/toolchains/AutomizerC.xml,/home/hschi1106/ultimate/trunk/examples/Interactive/settings/SVCOMP2017/svcomp-Reach-32bit-Automizer_Default.epf,category=ReachSafety-ECA; subcategory=eca-programs; subcategory_expected_true=1; subcategory_expected_false=4
reachsafety-eca-eca-rers2012-eca-rers2012-problem01_label20-c-0c4d1541,/home/hschi1106/sv-benchmarks/c/eca-rers2012/Problem01_label20.c,/home/hschi1106/ultimate/trunk/examples/toolchains/AutomizerC.xml,/home/hschi1106/ultimate/trunk/examples/Interactive/settings/SVCOMP2017/svcomp-Reach-32bit-Automizer_Default.epf,category=ReachSafety-ECA; subcategory=eca-rers2012; subcategory_expected_true=22; subcategory_expected_false=23
reachsafety-eca-eca-rers2012-eca-rers2012-problem01_label45-c-9a5d0c4f,/home/hschi1106/sv-benchmarks/c/eca-rers2012/Problem01_label45.c,/home/hschi1106/ultimate/trunk/examples/toolchains/AutomizerC.xml,/home/hschi1106/ultimate/trunk/examples/Interactive/settings/SVCOMP2017/svcomp-Reach-32bit-Automizer_Default.epf,category=ReachSafety-ECA; subcategory=eca-rers2012; subcategory_expected_true=22; subcategory_expected_false=23
reachsafety-eca-eca-rers2012-eca-rers2012-problem02_label10-c-2405324e,/home/hschi1106/sv-benchmarks/c/eca-rers2012/Problem02_label10.c,/home/hschi1106/ultimate/trunk/examples/toolchains/AutomizerC.xml,/home/hschi1106/ultimate/trunk/examples/Interactive/settings/SVCOMP2017/svcomp-Reach-32bit-Automizer_Default.epf,category=ReachSafety-ECA; subcategory=eca-rers2012; subcategory_expected_true=22; subcategory_expected_false=23
reachsafety-eca-eca-rers2012-eca-rers2012-problem02_label36-c-a80288df,/home/hschi1106/sv-benchmarks/c/eca-rers2012/Problem02_label36.c,/home/hschi1106/ultimate/trunk/examples/toolchains/AutomizerC.xml,/home/hschi1106/ultimate/trunk/examples/Interactive/settings/SVCOMP2017/svcomp-Reach-32bit-Automizer_Default.epf,category=ReachSafety-ECA; subcategory=eca-rers2012; subcategory_expected_true=22; subcategory_expected_false=23
reachsafety-eca-eca-rers2012-eca-rers2012-problem03_label01-c-68490481,/home/hschi1106/sv-benchmarks/c/eca-rers2012/Problem03_label01.c,/home/hschi1106/ultimate/trunk/examples/toolchains/AutomizerC.xml,/home/hschi1106/ultimate/trunk/examples/Interactive/settings/SVCOMP2017/svcomp-Reach-32bit-Automizer_Default.epf,category=ReachSafety-ECA; subcategory=eca-rers2012; subcategory_expected_true=22; subcategory_expected_false=23
reachsafety-eca-eca-rers2012-eca-rers2012-problem03_label26-c-7d158692,/home/hschi1106/sv-benchmarks/c/eca-rers2012/Problem03_label26.c,/home/hschi1106/ultimate/trunk/examples/toolchains/AutomizerC.xml,/home/hschi1106/ultimate/trunk/examples/Interactive/settings/SVCOMP2017/svcomp-Reach-32bit-Automizer_Default.epf,category=ReachSafety-ECA; subcategory=eca-rers2012; subcategory_expected_true=22; subcategory_expected_false=23
reachsafety-eca-eca-rers2012-eca-rers2012-problem03_label51-c-2f79a0d5,/home/hschi1106/sv-benchmarks/c/eca-rers2012/Problem03_label51.c,/home/hschi1106/ultimate/trunk/examples/toolchains/AutomizerC.xml,/home/hschi1106/ultimate/trunk/examples/Interactive/settings/SVCOMP2017/svcomp-Reach-32bit-Automizer_Default.epf,category=ReachSafety-ECA; subcategory=eca-rers2012; subcategory_expected_true=22; subcategory_expected_false=23
reachsafety-eca-eca-rers2012-eca-rers2012-problem04_label17-c-d5bb2381,/home/hschi1106/sv-benchmarks/c/eca-rers2012/Problem04_label17.c,/home/hschi1106/ultimate/trunk/examples/toolchains/AutomizerC.xml,/home/hschi1106/ultimate/trunk/examples/Interactive/settings/SVCOMP2017/svcomp-Reach-32bit-Automizer_Default.epf,category=ReachSafety-ECA; subcategory=eca-rers2012; subcategory_expected_true=22; subcategory_expected_false=23
reachsafety-eca-eca-rers2012-eca-rers2012-problem04_label42-c-5bb6b549,/home/hschi1106/sv-benchmarks/c/eca-rers2012/Problem04_label42.c,/home/hschi1106/ultimate/trunk/examples/toolchains/AutomizerC.xml,/home/hschi1106/ultimate/trunk/examples/Interactive/settings/SVCOMP2017/svcomp-Reach-32bit-Automizer_Default.epf,category=ReachSafety-ECA; subcategory=eca-rers2012; subcategory_expected_true=22; subcategory_expected_false=23
reachsafety-eca-eca-rers2012-eca-rers2012-problem05_label07-c-c4b1b3f6,/home/hschi1106/sv-benchmarks/c/eca-rers2012/Problem05_label07.c,/home/hschi1106/ultimate/trunk/examples/toolchains/AutomizerC.xml,/home/hschi1106/ultimate/trunk/examples/Interactive/settings/SVCOMP2017/svcomp-Reach-32bit-Automizer_Default.epf,category=ReachSafety-ECA; subcategory=eca-rers2012; subcategory_expected_true=22; subcategory_expected_false=23
reachsafety-eca-eca-rers2012-eca-rers2012-problem05_label32-c-5cee9c8e,/home/hschi1106/sv-benchmarks/c/eca-rers2012/Problem05_label32.c,/home/hschi1106/ultimate/trunk/examples/toolchains/AutomizerC.xml,/home/hschi1106/ultimate/trunk/examples/Interactive/settings/SVCOMP2017/svcomp-Reach-32bit-Automizer_Default.epf,category=ReachSafety-ECA; subcategory=eca-rers2012; subcategory_expected_true=22; subcategory_expected_false=23
reachsafety-eca-eca-rers2012-eca-rers2012-problem05_label58-c-3053a748,/home/hschi1106/sv-benchmarks/c/eca-rers2012/Problem05_label58.c,/home/hschi1106/ultimate/trunk/examples/toolchains/AutomizerC.xml,/home/hschi1106/ultimate/trunk/examples/Interactive/settings/SVCOMP2017/svcomp-Reach-32bit-Automizer_Default.epf,category=ReachSafety-ECA; subcategory=eca-rers2012; subcategory_expected_true=22; subcategory_expected_false=23
reachsafety-eca-eca-rers2012-eca-rers2012-problem06_label23-c-99d2bc4b,/home/hschi1106/sv-benchmarks/c/eca-rers2012/Problem06_label23.c,/home/hschi1106/ultimate/trunk/examples/toolchains/AutomizerC.xml,/home/hschi1106/ultimate/trunk/examples/Interactive/settings/SVCOMP2017/svcomp-Reach-32bit-Automizer_Default.epf,category=ReachSafety-ECA; subcategory=eca-rers2012; subcategory_expected_true=22; subcategory_expected_false=23
reachsafety-eca-eca-rers2012-eca-rers2012-problem06_label48-c-158ca3b2,/home/hschi1106/sv-benchmarks/c/eca-rers2012/Problem06_label48.c,/home/hschi1106/ultimate/trunk/examples/toolchains/AutomizerC.xml,/home/hschi1106/ultimate/trunk/examples/Interactive/settings/SVCOMP2017/svcomp-Reach-32bit-Automizer_Default.epf,category=ReachSafety-ECA; subcategory=eca-rers2012; subcategory_expected_true=22; subcategory_expected_false=23
reachsafety-eca-eca-rers2012-eca-rers2012-problem07_label13-c-f3fdc5e4,/home/hschi1106/sv-benchmarks/c/eca-rers2012/Problem07_label13.c,/home/hschi1106/ultimate/trunk/examples/toolchains/AutomizerC.xml,/home/hschi1106/ultimate/trunk/examples/Interactive/settings/SVCOMP2017/svcomp-Reach-32bit-Automizer_Default.epf,category=ReachSafety-ECA; subcategory=eca-rers2012; subcategory_expected_true=22; subcategory_expected_false=23
reachsafety-eca-eca-rers2012-eca-rers2012-problem07_label39-c-ce899583,/home/hschi1106/sv-benchmarks/c/eca-rers2012/Problem07_label39.c,/home/hschi1106/ultimate/trunk/examples/toolchains/AutomizerC.xml,/home/hschi1106/ultimate/trunk/examples/Interactive/settings/SVCOMP2017/svcomp-Reach-32bit-Automizer_Default.epf,category=ReachSafety-ECA; subcategory=eca-rers2012; subcategory_expected_true=22; subcategory_expected_false=23
reachsafety-eca-eca-rers2012-eca-rers2012-problem08_label04-c-6db0992d,/home/hschi1106/sv-benchmarks/c/eca-rers2012/Problem08_label04.c,/home/hschi1106/ultimate/trunk/examples/toolchains/AutomizerC.xml,/home/hschi1106/ultimate/trunk/examples/Interactive/settings/SVCOMP2017/svcomp-Reach-32bit-Automizer_Default.epf,category=ReachSafety-ECA; subcategory=eca-rers2012; subcategory_expected_true=22; subcategory_expected_false=23
reachsafety-eca-eca-rers2012-eca-rers2012-problem08_label29-c-f5229385,/home/hschi1106/sv-benchmarks/c/eca-rers2012/Problem08_label29.c,/home/hschi1106/ultimate/trunk/examples/toolchains/AutomizerC.xml,/home/hschi1106/ultimate/trunk/examples/Interactive/settings/SVCOMP2017/svcomp-Reach-32bit-Automizer_Default.epf,category=ReachSafety-ECA; subcategory=eca-rers2012; subcategory_expected_true=22; subcategory_expected_false=23
reachsafety-eca-eca-rers2012-eca-rers2012-problem08_label54-c-7cf90516,/home/hschi1106/sv-benchmarks/c/eca-rers2012/Problem08_label54.c,/home/hschi1106/ultimate/trunk/examples/toolchains/AutomizerC.xml,/home/hschi1106/ultimate/trunk/examples/Interactive/settings/SVCOMP2017/svcomp-Reach-32bit-Automizer_Default.epf,category=ReachSafety-ECA; subcategory=eca-rers2012; subcategory_expected_true=22; subcategory_expected_false=23
reachsafety-eca-eca-rers2012-eca-rers2012-problem09_label20-c-c84e12dc,/home/hschi1106/sv-benchmarks/c/eca-rers2012/Problem09_label20.c,/home/hschi1106/ultimate/trunk/examples/toolchains/AutomizerC.xml,/home/hschi1106/ultimate/trunk/examples/Interactive/settings/SVCOMP2017/svcomp-Reach-32bit-Automizer_Default.epf,category=ReachSafety-ECA; subcategory=eca-rers2012; subcategory_expected_true=22; subcategory_expected_false=23
reachsafety-eca-eca-rers2012-eca-rers2012-problem09_label45-c-5e980648,/home/hschi1106/sv-benchmarks/c/eca-rers2012/Problem09_label45.c,/home/hschi1106/ultimate/trunk/examples/toolchains/AutomizerC.xml,/home/hschi1106/ultimate/trunk/examples/Interactive/settings/SVCOMP2017/svcomp-Reach-32bit-Automizer_Default.epf,category=ReachSafety-ECA; subcategory=eca-rers2012; subcategory_expected_true=22; subcategory_expected_false=23
reachsafety-eca-eca-rers2012-eca-rers2012-problem10_label10-c-9d4b3a4d,/home/hschi1106/sv-benchmarks/c/eca-rers2012/Problem10_label10.c,/home/hschi1106/ultimate/trunk/examples/toolchains/AutomizerC.xml,/home/hschi1106/ultimate/trunk/examples/Interactive/settings/SVCOMP2017/svcomp-Reach-32bit-Automizer_Default.epf,category=ReachSafety-ECA; subcategory=eca-rers2012; subcategory_expected_true=22; subcategory_expected_false=23
reachsafety-eca-eca-rers2012-eca-rers2012-problem10_label36-c-305c436f,/home/hschi1106/sv-benchmarks/c/eca-rers2012/Problem10_label36.c,/home/hschi1106/ultimate/trunk/examples/toolchains/AutomizerC.xml,/home/hschi1106/ultimate/trunk/examples/Interactive/settings/SVCOMP2017/svcomp-Reach-32bit-Automizer_Default.epf,category=ReachSafety-ECA; subcategory=eca-rers2012; subcategory_expected_true=22; subcategory_expected_false=23
reachsafety-eca-eca-rers2012-eca-rers2012-problem11_label01-c-f61fd2f0,/home/hschi1106/sv-benchmarks/c/eca-rers2012/Problem11_label01.c,/home/hschi1106/ultimate/trunk/examples/toolchains/AutomizerC.xml,/home/hschi1106/ultimate/trunk/examples/Interactive/settings/SVCOMP2017/svcomp-Reach-32bit-Automizer_Default.epf,category=ReachSafety-ECA; subcategory=eca-rers2012; subcategory_expected_true=22; subcategory_expected_false=23
reachsafety-eca-eca-rers2012-eca-rers2012-problem11_label26-c-b15a7653,/home/hschi1106/sv-benchmarks/c/eca-rers2012/Problem11_label26.c,/home/hschi1106/ultimate/trunk/examples/toolchains/AutomizerC.xml,/home/hschi1106/ultimate/trunk/examples/Interactive/settings/SVCOMP2017/svcomp-Reach-32bit-Automizer_Default.epf,category=ReachSafety-ECA; subcategory=eca-rers2012; subcategory_expected_true=22; subcategory_expected_false=23
reachsafety-eca-eca-rers2012-eca-rers2012-problem11_label51-c-f7211abb,/home/hschi1106/sv-benchmarks/c/eca-rers2012/Problem11_label51.c,/home/hschi1106/ultimate/trunk/examples/toolchains/AutomizerC.xml,/home/hschi1106/ultimate/trunk/examples/Interactive/settings/SVCOMP2017/svcomp-Reach-32bit-Automizer_Default.epf,category=ReachSafety-ECA; subcategory=eca-rers2012; subcategory_expected_true=22; subcategory_expected_false=23
reachsafety-eca-eca-rers2012-eca-rers2012-problem12_label17-c-acdec594,/home/hschi1106/sv-benchmarks/c/eca-rers2012/Problem12_label17.c,/home/hschi1106/ultimate/trunk/examples/toolchains/AutomizerC.xml,/home/hschi1106/ultimate/trunk/examples/Interactive/settings/SVCOMP2017/svcomp-Reach-32bit-Automizer_Default.epf,category=ReachSafety-ECA; subcategory=eca-rers2012; subcategory_expected_true=22; subcategory_expected_false=23
reachsafety-eca-eca-rers2012-eca-rers2012-problem12_label42-c-42601ac2,/home/hschi1106/sv-benchmarks/c/eca-rers2012/Problem12_label42.c,/home/hschi1106/ultimate/trunk/examples/toolchains/AutomizerC.xml,/home/hschi1106/ultimate/trunk/examples/Interactive/settings/SVCOMP2017/svcomp-Reach-32bit-Automizer_Default.epf,category=ReachSafety-ECA; subcategory=eca-rers2012; subcategory_expected_true=22; subcategory_expected_false=23
reachsafety-eca-eca-rers2012-eca-rers2012-problem13_label07-c-f55abe00,/home/hschi1106/sv-benchmarks/c/eca-rers2012/Problem13_label07.c,/home/hschi1106/ultimate/trunk/examples/toolchains/AutomizerC.xml,/home/hschi1106/ultimate/trunk/examples/Interactive/settings/SVCOMP2017/svcomp-Reach-32bit-Automizer_Default.epf,category=ReachSafety-ECA; subcategory=eca-rers2012; subcategory_expected_true=22; subcategory_expected_false=23
reachsafety-eca-eca-rers2012-eca-rers2012-problem13_label32-c-e03fe4a1,/home/hschi1106/sv-benchmarks/c/eca-rers2012/Problem13_label32.c,/home/hschi1106/ultimate/trunk/examples/toolchains/AutomizerC.xml,/home/hschi1106/ultimate/trunk/examples/Interactive/settings/SVCOMP2017/svcomp-Reach-32bit-Automizer_Default.epf,category=ReachSafety-ECA; subcategory=eca-rers2012; subcategory_expected_true=22; subcategory_expected_false=23
reachsafety-eca-eca-rers2012-eca-rers2012-problem13_label58-c-c9be21c8,/home/hschi1106/sv-benchmarks/c/eca-rers2012/Problem13_label58.c,/home/hschi1106/ultimate/trunk/examples/toolchains/AutomizerC.xml,/home/hschi1106/ultimate/trunk/examples/Interactive/settings/SVCOMP2017/svcomp-Reach-32bit-Automizer_Default.epf,category=ReachSafety-ECA; subcategory=eca-rers2012; subcategory_expected_true=22; subcategory_expected_false=23
reachsafety-eca-eca-rers2012-eca-rers2012-problem14_label23-c-b035a6c4,/home/hschi1106/sv-benchmarks/c/eca-rers2012/Problem14_label23.c,/home/hschi1106/ultimate/trunk/examples/toolchains/AutomizerC.xml,/home/hschi1106/ultimate/trunk/examples/Interactive/settings/SVCOMP2017/svcomp-Reach-32bit-Automizer_Default.epf,category=ReachSafety-ECA; subcategory=eca-rers2012; subcategory_expected_true=22; subcategory_expected_false=23
reachsafety-eca-eca-rers2012-eca-rers2012-problem14_label48-c-a7a7e30a,/home/hschi1106/sv-benchmarks/c/eca-rers2012/Problem14_label48.c,/home/hschi1106/ultimate/trunk/examples/toolchains/AutomizerC.xml,/home/hschi1106/ultimate/trunk/examples/Interactive/settings/SVCOMP2017/svcomp-Reach-32bit-Automizer_Default.epf,category=ReachSafety-ECA; subcategory=eca-rers2012; subcategory_expected_true=22; subcategory_expected_false=23
reachsafety-eca-eca-rers2012-eca-rers2012-problem15_label13-c-54b5929a,/home/hschi1106/sv-benchmarks/c/eca-rers2012/Problem15_label13.c,/home/hschi1106/ultimate/trunk/examples/toolchains/AutomizerC.xml,/home/hschi1106/ultimate/trunk/examples/Interactive/settings/SVCOMP2017/svcomp-Reach-32bit-Automizer_Default.epf,category=ReachSafety-ECA; subcategory=eca-rers2012; subcategory_expected_true=22; subcategory_expected_false=23
reachsafety-eca-eca-rers2012-eca-rers2012-problem15_label39-c-d9a56dc5,/home/hschi1106/sv-benchmarks/c/eca-rers2012/Problem15_label39.c,/home/hschi1106/ultimate/trunk/examples/toolchains/AutomizerC.xml,/home/hschi1106/ultimate/trunk/examples/Interactive/settings/SVCOMP2017/svcomp-Reach-32bit-Automizer_Default.epf,category=ReachSafety-ECA; subcategory=eca-rers2012; subcategory_expected_true=22; subcategory_expected_false=23
reachsafety-eca-eca-rers2012-eca-rers2012-problem16_label04-c-7a40121e,/home/hschi1106/sv-benchmarks/c/eca-rers2012/Problem16_label04.c,/home/hschi1106/ultimate/trunk/examples/toolchains/AutomizerC.xml,/home/hschi1106/ultimate/trunk/examples/Interactive/settings/SVCOMP2017/svcomp-Reach-32bit-Automizer_Default.epf,category=ReachSafety-ECA; subcategory=eca-rers2012; subcategory_expected_true=22; subcategory_expected_false=23
reachsafety-eca-eca-rers2012-eca-rers2012-problem16_label29-c-cc16359f,/home/hschi1106/sv-benchmarks/c/eca-rers2012/Problem16_label29.c,/home/hschi1106/ultimate/trunk/examples/toolchains/AutomizerC.xml,/home/hschi1106/ultimate/trunk/examples/Interactive/settings/SVCOMP2017/svcomp-Reach-32bit-Automizer_Default.epf,category=ReachSafety-ECA; subcategory=eca-rers2012; subcategory_expected_true=22; subcategory_expected_false=23
reachsafety-eca-eca-rers2012-eca-rers2012-problem16_label54-c-66f029b4,/home/hschi1106/sv-benchmarks/c/eca-rers2012/Problem16_label54.c,/home/hschi1106/ultimate/trunk/examples/toolchains/AutomizerC.xml,/home/hschi1106/ultimate/trunk/examples/Interactive/settings/SVCOMP2017/svcomp-Reach-32bit-Automizer_Default.epf,category=ReachSafety-ECA; subcategory=eca-rers2012; subcategory_expected_true=22; subcategory_expected_false=23
reachsafety-eca-eca-rers2012-eca-rers2012-problem17_label20-c-0d4d9c91,/home/hschi1106/sv-benchmarks/c/eca-rers2012/Problem17_label20.c,/home/hschi1106/ultimate/trunk/examples/toolchains/AutomizerC.xml,/home/hschi1106/ultimate/trunk/examples/Interactive/settings/SVCOMP2017/svcomp-Reach-32bit-Automizer_Default.epf,category=ReachSafety-ECA; subcategory=eca-rers2012; subcategory_expected_true=22; subcategory_expected_false=23
reachsafety-eca-eca-rers2012-eca-rers2012-problem17_label45-c-0624dec0,/home/hschi1106/sv-benchmarks/c/eca-rers2012/Problem17_label45.c,/home/hschi1106/ultimate/trunk/examples/toolchains/AutomizerC.xml,/home/hschi1106/ultimate/trunk/examples/Interactive/settings/SVCOMP2017/svcomp-Reach-32bit-Automizer_Default.epf,category=ReachSafety-ECA; subcategory=eca-rers2012; subcategory_expected_true=22; subcategory_expected_false=23
reachsafety-eca-eca-rers2012-eca-rers2012-problem18_label10-c-297d0000,/home/hschi1106/sv-benchmarks/c/eca-rers2012/Problem18_label10.c,/home/hschi1106/ultimate/trunk/examples/toolchains/AutomizerC.xml,/home/hschi1106/ultimate/trunk/examples/Interactive/settings/SVCOMP2017/svcomp-Reach-32bit-Automizer_Default.epf,category=ReachSafety-ECA; subcategory=eca-rers2012; subcategory_expected_true=22; subcategory_expected_false=23
reachsafety-eca-eca-rers2012-eca-rers2012-problem18_label35-c-bb7cad73,/home/hschi1106/sv-benchmarks/c/eca-rers2012/Problem18_label35.c,/home/hschi1106/ultimate/trunk/examples/toolchains/AutomizerC.xml,/home/hschi1106/ultimate/trunk/examples/Interactive/settings/SVCOMP2017/svcomp-Reach-32bit-Automizer_Default.epf,category=ReachSafety-ECA; subcategory=eca-rers2012; subcategory_expected_true=22; subcategory_expected_false=23
reachsafety-eca-eca-rers2012-eca-rers2012-problem19_label01-c-7946d038,/home/hschi1106/sv-benchmarks/c/eca-rers2012/Problem19_label01.c,/home/hschi1106/ultimate/trunk/examples/toolchains/AutomizerC.xml,/home/hschi1106/ultimate/trunk/examples/Interactive/settings/SVCOMP2017/svcomp-Reach-32bit-Automizer_Default.epf,category=ReachSafety-ECA; subcategory=eca-rers2012; subcategory_expected_true=22; subcategory_expected_false=23
reachsafety-eca-eca-rers2012-eca-rers2012-problem19_label26-c-c1811509,/home/hschi1106/sv-benchmarks/c/eca-rers2012/Problem19_label26.c,/home/hschi1106/ultimate/trunk/examples/toolchains/AutomizerC.xml,/home/hschi1106/ultimate/trunk/examples/Interactive/settings/SVCOMP2017/svcomp-Reach-32bit-Automizer_Default.epf,category=ReachSafety-ECA; subcategory=eca-rers2012; subcategory_expected_true=22; subcategory_expected_false=23
reachsafety-eca-eca-rers2012-eca-rers2012-problem19_label51-c-a97edcf8,/home/hschi1106/sv-benchmarks/c/eca-rers2012/Problem19_label51.c,/home/hschi1106/ultimate/trunk/examples/toolchains/AutomizerC.xml,/home/hschi1106/ultimate/trunk/examples/Interactive/settings/SVCOMP2017/svcomp-Reach-32bit-Automizer_Default.epf,category=ReachSafety-ECA; subcategory=eca-rers2012; subcategory_expected_true=22; subcategory_expected_false=23
reachsafety-controlflow-infeasible-control-flow-infeasible-control-flow-conflict_branch1-c-c5b70cd9,/home/hschi1106/sv-benchmarks/c/infeasible-control-flow/conflict_branch1.c,/home/hschi1106/ultimate/trunk/examples/toolchains/AutomizerC.xml,/home/hschi1106/ultimate/trunk/examples/Interactive/settings/SVCOMP2017/svcomp-Reach-32bit-Automizer_Default.epf,category=ReachSafety-ControlFlow; subcategory=infeasible-control-flow; subcategory_expected_true=10; subcategory_expected_false=0
reachsafety-controlflow-infeasible-control-flow-infeasible-control-flow-conflict_branch2-c-4110bbf5,/home/hschi1106/sv-benchmarks/c/infeasible-control-flow/conflict_branch2.c,/home/hschi1106/ultimate/trunk/examples/toolchains/AutomizerC.xml,/home/hschi1106/ultimate/trunk/examples/Interactive/settings/SVCOMP2017/svcomp-Reach-32bit-Automizer_Default.epf,category=ReachSafety-ControlFlow; subcategory=infeasible-control-flow; subcategory_expected_true=10; subcategory_expected_false=0
reachsafety-controlflow-infeasible-control-flow-infeasible-control-flow-conflict_branch3-c-a245db4e,/home/hschi1106/sv-benchmarks/c/infeasible-control-flow/conflict_branch3.c,/home/hschi1106/ultimate/trunk/examples/toolchains/AutomizerC.xml,/home/hschi1106/ultimate/trunk/examples/Interactive/settings/SVCOMP2017/svcomp-Reach-32bit-Automizer_Default.epf,category=ReachSafety-ControlFlow; subcategory=infeasible-control-flow; subcategory_expected_true=10; subcategory_expected_false=0
reachsafety-controlflow-infeasible-control-flow-infeasible-control-flow-conflict_branch4-c-f89e5abb,/home/hschi1106/sv-benchmarks/c/infeasible-control-flow/conflict_branch4.c,/home/hschi1106/ultimate/trunk/examples/toolchains/AutomizerC.xml,/home/hschi1106/ultimate/trunk/examples/Interactive/settings/SVCOMP2017/svcomp-Reach-32bit-Automizer_Default.epf,category=ReachSafety-ControlFlow; subcategory=infeasible-control-flow; subcategory_expected_true=10; subcategory_expected_false=0
reachsafety-controlflow-infeasible-control-flow-infeasible-control-flow-conflict_branch5-c-18b223cd,/home/hschi1106/sv-benchmarks/c/infeasible-control-flow/conflict_branch5.c,/home/hschi1106/ultimate/trunk/examples/toolchains/AutomizerC.xml,/home/hschi1106/ultimate/trunk/examples/Interactive/settings/SVCOMP2017/svcomp-Reach-32bit-Automizer_Default.epf,category=ReachSafety-ControlFlow; subcategory=infeasible-control-flow; subcategory_expected_true=10; subcategory_expected_false=0
reachsafety-controlflow-infeasible-control-flow-infeasible-control-flow-unreach_branch1-c-92487627,/home/hschi1106/sv-benchmarks/c/infeasible-control-flow/unreach_branch1.c,/home/hschi1106/ultimate/trunk/examples/toolchains/AutomizerC.xml,/home/hschi1106/ultimate/trunk/examples/Interactive/settings/SVCOMP2017/svcomp-Reach-32bit-Automizer_Default.epf,category=ReachSafety-ControlFlow; subcategory=infeasible-control-flow; subcategory_expected_true=10; subcategory_expected_false=0
reachsafety-controlflow-infeasible-control-flow-infeasible-control-flow-unreach_branch2-c-798e0d79,/home/hschi1106/sv-benchmarks/c/infeasible-control-flow/unreach_branch2.c,/home/hschi1106/ultimate/trunk/examples/toolchains/AutomizerC.xml,/home/hschi1106/ultimate/trunk/examples/Interactive/settings/SVCOMP2017/svcomp-Reach-32bit-Automizer_Default.epf,category=ReachSafety-ControlFlow; subcategory=infeasible-control-flow; subcategory_expected_true=10; subcategory_expected_false=0
reachsafety-controlflow-infeasible-control-flow-infeasible-control-flow-unreach_branch3-c-4a2cf459,/home/hschi1106/sv-benchmarks/c/infeasible-control-flow/unreach_branch3.c,/home/hschi1106/ultimate/trunk/examples/toolchains/AutomizerC.xml,/home/hschi1106/ultimate/trunk/examples/Interactive/settings/SVCOMP2017/svcomp-Reach-32bit-Automizer_Default.epf,category=ReachSafety-ControlFlow; subcategory=infeasible-control-flow; subcategory_expected_true=10; subcategory_expected_false=0
reachsafety-controlflow-infeasible-control-flow-infeasible-control-flow-unreach_branch4-c-da2f7b28,/home/hschi1106/sv-benchmarks/c/infeasible-control-flow/unreach_branch4.c,/home/hschi1106/ultimate/trunk/examples/toolchains/AutomizerC.xml,/home/hschi1106/ultimate/trunk/examples/Interactive/settings/SVCOMP2017/svcomp-Reach-32bit-Automizer_Default.epf,category=ReachSafety-ControlFlow; subcategory=infeasible-control-flow; subcategory_expected_true=10; subcategory_expected_false=0
reachsafety-controlflow-infeasible-control-flow-infeasible-control-flow-unreach_branch5-c-ee9193f7,/home/hschi1106/sv-benchmarks/c/infeasible-control-flow/unreach_branch5.c,/home/hschi1106/ultimate/trunk/examples/toolchains/AutomizerC.xml,/home/hschi1106/ultimate/trunk/examples/Interactive/settings/SVCOMP2017/svcomp-Reach-32bit-Automizer_Default.epf,category=ReachSafety-ControlFlow; subcategory=infeasible-control-flow; subcategory_expected_true=10; subcategory_expected_false=0
reachsafety-controlflow-locks-locks-test_locks_10-c-e8793ea9,/home/hschi1106/sv-benchmarks/c/locks/test_locks_10.c,/home/hschi1106/ultimate/trunk/examples/toolchains/AutomizerC.xml,/home/hschi1106/ultimate/trunk/examples/Interactive/settings/SVCOMP2017/svcomp-Reach-32bit-Automizer_Default.epf,category=ReachSafety-ControlFlow; subcategory=locks; subcategory_expected_true=11; subcategory_expected_false=2
reachsafety-controlflow-locks-locks-test_locks_11-c-418b091e,/home/hschi1106/sv-benchmarks/c/locks/test_locks_11.c,/home/hschi1106/ultimate/trunk/examples/toolchains/AutomizerC.xml,/home/hschi1106/ultimate/trunk/examples/Interactive/settings/SVCOMP2017/svcomp-Reach-32bit-Automizer_Default.epf,category=ReachSafety-ControlFlow; subcategory=locks; subcategory_expected_true=11; subcategory_expected_false=2
reachsafety-controlflow-locks-locks-test_locks_12-c-712f5dc5,/home/hschi1106/sv-benchmarks/c/locks/test_locks_12.c,/home/hschi1106/ultimate/trunk/examples/toolchains/AutomizerC.xml,/home/hschi1106/ultimate/trunk/examples/Interactive/settings/SVCOMP2017/svcomp-Reach-32bit-Automizer_Default.epf,category=ReachSafety-ControlFlow; subcategory=locks; subcategory_expected_true=11; subcategory_expected_false=2
reachsafety-controlflow-locks-locks-test_locks_13-c-1de49f91,/home/hschi1106/sv-benchmarks/c/locks/test_locks_13.c,/home/hschi1106/ultimate/trunk/examples/toolchains/AutomizerC.xml,/home/hschi1106/ultimate/trunk/examples/Interactive/settings/SVCOMP2017/svcomp-Reach-32bit-Automizer_Default.epf,category=ReachSafety-ControlFlow; subcategory=locks; subcategory_expected_true=11; subcategory_expected_false=2
reachsafety-controlflow-locks-locks-test_locks_14-1-c-694e051c,/home/hschi1106/sv-benchmarks/c/locks/test_locks_14-1.c,/home/hschi1106/ultimate/trunk/examples/toolchains/AutomizerC.xml,/home/hschi1106/ultimate/trunk/examples/Interactive/settings/SVCOMP2017/svcomp-Reach-32bit-Automizer_Default.epf,category=ReachSafety-ControlFlow; subcategory=locks; subcategory_expected_true=11; subcategory_expected_false=2
reachsafety-controlflow-locks-locks-test_locks_14-2-c-4e323ab8,/home/hschi1106/sv-benchmarks/c/locks/test_locks_14-2.c,/home/hschi1106/ultimate/trunk/examples/toolchains/AutomizerC.xml,/home/hschi1106/ultimate/trunk/examples/Interactive/settings/SVCOMP2017/svcomp-Reach-32bit-Automizer_Default.epf,category=ReachSafety-ControlFlow; subcategory=locks; subcategory_expected_true=11; subcategory_expected_false=2
reachsafety-controlflow-locks-locks-test_locks_15-1-c-b1294d28,/home/hschi1106/sv-benchmarks/c/locks/test_locks_15-1.c,/home/hschi1106/ultimate/trunk/examples/toolchains/AutomizerC.xml,/home/hschi1106/ultimate/trunk/examples/Interactive/settings/SVCOMP2017/svcomp-Reach-32bit-Automizer_Default.epf,category=ReachSafety-ControlFlow; subcategory=locks; subcategory_expected_true=11; subcategory_expected_false=2
reachsafety-controlflow-locks-locks-test_locks_15-2-c-27605629,/home/hschi1106/sv-benchmarks/c/locks/test_locks_15-2.c,/home/hschi1106/ultimate/trunk/examples/toolchains/AutomizerC.xml,/home/hschi1106/ultimate/trunk/examples/Interactive/settings/SVCOMP2017/svcomp-Reach-32bit-Automizer_Default.epf,category=ReachSafety-ControlFlow; subcategory=locks; subcategory_expected_true=11; subcategory_expected_false=2
reachsafety-controlflow-locks-locks-test_locks_5-c-a6ea5c04,/home/hschi1106/sv-benchmarks/c/locks/test_locks_5.c,/home/hschi1106/ultimate/trunk/examples/toolchains/AutomizerC.xml,/home/hschi1106/ultimate/trunk/examples/Interactive/settings/SVCOMP2017/svcomp-Reach-32bit-Automizer_Default.epf,category=ReachSafety-ControlFlow; subcategory=locks; subcategory_expected_true=11; subcategory_expected_false=2
reachsafety-controlflow-locks-locks-test_locks_6-c-6e132d3a,/home/hschi1106/sv-benchmarks/c/locks/test_locks_6.c,/home/hschi1106/ultimate/trunk/examples/toolchains/AutomizerC.xml,/home/hschi1106/ultimate/trunk/examples/Interactive/settings/SVCOMP2017/svcomp-Reach-32bit-Automizer_Default.epf,category=ReachSafety-ControlFlow; subcategory=locks; subcategory_expected_true=11; subcategory_expected_false=2
reachsafety-controlflow-locks-locks-test_locks_7-c-a3a18bb0,/home/hschi1106/sv-benchmarks/c/locks/test_locks_7.c,/home/hschi1106/ultimate/trunk/examples/toolchains/AutomizerC.xml,/home/hschi1106/ultimate/trunk/examples/Interactive/settings/SVCOMP2017/svcomp-Reach-32bit-Automizer_Default.epf,category=ReachSafety-ControlFlow; subcategory=locks; subcategory_expected_true=11; subcategory_expected_false=2
reachsafety-controlflow-locks-locks-test_locks_8-c-322a5371,/home/hschi1106/sv-benchmarks/c/locks/test_locks_8.c,/home/hschi1106/ultimate/trunk/examples/toolchains/AutomizerC.xml,/home/hschi1106/ultimate/trunk/examples/Interactive/settings/SVCOMP2017/svcomp-Reach-32bit-Automizer_Default.epf,category=ReachSafety-ControlFlow; subcategory=locks; subcategory_expected_true=11; subcategory_expected_false=2
reachsafety-controlflow-locks-locks-test_locks_9-c-4a05b34f,/home/hschi1106/sv-benchmarks/c/locks/test_locks_9.c,/home/hschi1106/ultimate/trunk/examples/toolchains/AutomizerC.xml,/home/hschi1106/ultimate/trunk/examples/Interactive/settings/SVCOMP2017/svcomp-Reach-32bit-Automizer_Default.epf,category=ReachSafety-ControlFlow; subcategory=locks; subcategory_expected_true=11; subcategory_expected_false=2
reachsafety-controlflow-memory-model-memory-model-2sb-i-080b8644,/home/hschi1106/sv-benchmarks/c/memory-model/2SB.i,/home/hschi1106/ultimate/trunk/examples/toolchains/AutomizerC.xml,/home/hschi1106/ultimate/trunk/examples/Interactive/settings/SVCOMP2017/svcomp-Reach-32bit-Automizer_Default.epf,category=ReachSafety-ControlFlow; subcategory=memory-model; subcategory_expected_true=0; subcategory_expected_false=2
reachsafety-controlflow-memory-model-memory-model-4sb-i-1535a5c8,/home/hschi1106/sv-benchmarks/c/memory-model/4SB.i,/home/hschi1106/ultimate/trunk/examples/toolchains/AutomizerC.xml,/home/hschi1106/ultimate/trunk/examples/Interactive/settings/SVCOMP2017/svcomp-Reach-32bit-Automizer_Default.epf,category=ReachSafety-ControlFlow; subcategory=memory-model; subcategory_expected_true=0; subcategory_expected_false=2
reachsafety-controlflow-ntdrivers-ntdrivers-cdaudio-i-cil-1-c-2b2cf73d,/home/hschi1106/sv-benchmarks/c/ntdrivers/cdaudio.i.cil-1.c,/home/hschi1106/ultimate/trunk/examples/toolchains/AutomizerC.xml,/home/hschi1106/ultimate/trunk/examples/Interactive/settings/SVCOMP2017/svcomp-Reach-32bit-Automizer_Default.epf,category=ReachSafety-ControlFlow; subcategory=ntdrivers; subcategory_expected_true=3; subcategory_expected_false=5
reachsafety-controlflow-ntdrivers-ntdrivers-diskperf-i-cil-1-c-87c18032,/home/hschi1106/sv-benchmarks/c/ntdrivers/diskperf.i.cil-1.c,/home/hschi1106/ultimate/trunk/examples/toolchains/AutomizerC.xml,/home/hschi1106/ultimate/trunk/examples/Interactive/settings/SVCOMP2017/svcomp-Reach-32bit-Automizer_Default.epf,category=ReachSafety-ControlFlow; subcategory=ntdrivers; subcategory_expected_true=3; subcategory_expected_false=5
reachsafety-controlflow-ntdrivers-ntdrivers-diskperf-i-cil-2-c-ff37f7d0,/home/hschi1106/sv-benchmarks/c/ntdrivers/diskperf.i.cil-2.c,/home/hschi1106/ultimate/trunk/examples/toolchains/AutomizerC.xml,/home/hschi1106/ultimate/trunk/examples/Interactive/settings/SVCOMP2017/svcomp-Reach-32bit-Automizer_Default.epf,category=ReachSafety-ControlFlow; subcategory=ntdrivers; subcategory_expected_true=3; subcategory_expected_false=5
reachsafety-controlflow-ntdrivers-ntdrivers-floppy-i-cil-1-c-cb9c5f55,/home/hschi1106/sv-benchmarks/c/ntdrivers/floppy.i.cil-1.c,/home/hschi1106/ultimate/trunk/examples/toolchains/AutomizerC.xml,/home/hschi1106/ultimate/trunk/examples/Interactive/settings/SVCOMP2017/svcomp-Reach-32bit-Automizer_Default.epf,category=ReachSafety-ControlFlow; subcategory=ntdrivers; subcategory_expected_true=3; subcategory_expected_false=5
reachsafety-controlflow-ntdrivers-ntdrivers-floppy-i-cil-3-c-5ca300e1,/home/hschi1106/sv-benchmarks/c/ntdrivers/floppy.i.cil-3.c,/home/hschi1106/ultimate/trunk/examples/toolchains/AutomizerC.xml,/home/hschi1106/ultimate/trunk/examples/Interactive/settings/SVCOMP2017/svcomp-Reach-32bit-Automizer_Default.epf,category=ReachSafety-ControlFlow; subcategory=ntdrivers; subcategory_expected_true=3; subcategory_expected_false=5
reachsafety-controlflow-ntdrivers-ntdrivers-kbfiltr-i-cil-2-c-b25d0836,/home/hschi1106/sv-benchmarks/c/ntdrivers/kbfiltr.i.cil-2.c,/home/hschi1106/ultimate/trunk/examples/toolchains/AutomizerC.xml,/home/hschi1106/ultimate/trunk/examples/Interactive/settings/SVCOMP2017/svcomp-Reach-32bit-Automizer_Default.epf,category=ReachSafety-ControlFlow; subcategory=ntdrivers; subcategory_expected_true=3; subcategory_expected_false=5
reachsafety-controlflow-ntdrivers-ntdrivers-parport-i-cil-1-c-48cc3dc4,/home/hschi1106/sv-benchmarks/c/ntdrivers/parport.i.cil-1.c,/home/hschi1106/ultimate/trunk/examples/toolchains/AutomizerC.xml,/home/hschi1106/ultimate/trunk/examples/Interactive/settings/SVCOMP2017/svcomp-Reach-32bit-Automizer_Default.epf,category=ReachSafety-ControlFlow; subcategory=ntdrivers; subcategory_expected_true=3; subcategory_expected_false=5
reachsafety-controlflow-ntdrivers-ntdrivers-parport-i-cil-2-c-e7afee8c,/home/hschi1106/sv-benchmarks/c/ntdrivers/parport.i.cil-2.c,/home/hschi1106/ultimate/trunk/examples/toolchains/AutomizerC.xml,/home/hschi1106/ultimate/trunk/examples/Interactive/settings/SVCOMP2017/svcomp-Reach-32bit-Automizer_Default.epf,category=ReachSafety-ControlFlow; subcategory=ntdrivers; subcategory_expected_true=3; subcategory_expected_false=5
reachsafety-controlflow-openssl-simplified-openssl-simplified-s3_srvr_1b-cil-c-bdf94f57,/home/hschi1106/sv-benchmarks/c/openssl-simplified/s3_srvr_1b.cil.c,/home/hschi1106/ultimate/trunk/examples/toolchains/AutomizerC.xml,/home/hschi1106/ultimate/trunk/examples/Interactive/settings/SVCOMP2017/svcomp-Reach-32bit-Automizer_Default.epf,category=ReachSafety-ControlFlow; subcategory=openssl-simplified; subcategory_expected_true=1; subcategory_expected_false=0
reachsafety-controlflow-unsignedintegeroverflow-sas23-unsignedintegeroverflow-sas23-bilinear_interpolation-i-6f0ca9df,/home/hschi1106/sv-benchmarks/c/unsignedintegeroverflow-sas23/bilinear_interpolation.i,/home/hschi1106/ultimate/trunk/examples/toolchains/AutomizerC.xml,/home/hschi1106/ultimate/trunk/examples/Interactive/settings/SVCOMP2017/svcomp-Reach-32bit-Automizer_Default.epf,category=ReachSafety-ControlFlow; subcategory=unsignedintegeroverflow-sas23; subcategory_expected_true=5; subcategory_expected_false=0
reachsafety-controlflow-unsignedintegeroverflow-sas23-unsignedintegeroverflow-sas23-cancel_var_through_overflow-i-58b51654,/home/hschi1106/sv-benchmarks/c/unsignedintegeroverflow-sas23/cancel_var_through_overflow.i,/home/hschi1106/ultimate/trunk/examples/toolchains/AutomizerC.xml,/home/hschi1106/ultimate/trunk/examples/Interactive/settings/SVCOMP2017/svcomp-Reach-32bit-Automizer_Default.epf,category=ReachSafety-ControlFlow; subcategory=unsignedintegeroverflow-sas23; subcategory_expected_true=5; subcategory_expected_false=0
reachsafety-controlflow-unsignedintegeroverflow-sas23-unsignedintegeroverflow-sas23-distance_through_overflow-i-31ddff8b,/home/hschi1106/sv-benchmarks/c/unsignedintegeroverflow-sas23/distance_through_overflow.i,/home/hschi1106/ultimate/trunk/examples/toolchains/AutomizerC.xml,/home/hschi1106/ultimate/trunk/examples/Interactive/settings/SVCOMP2017/svcomp-Reach-32bit-Automizer_Default.epf,category=ReachSafety-ControlFlow; subcategory=unsignedintegeroverflow-sas23; subcategory_expected_true=5; subcategory_expected_false=0
reachsafety-controlflow-unsignedintegeroverflow-sas23-unsignedintegeroverflow-sas23-linear_interpolation-i-e263fef2,/home/hschi1106/sv-benchmarks/c/unsignedintegeroverflow-sas23/linear_interpolation.i,/home/hschi1106/ultimate/trunk/examples/toolchains/AutomizerC.xml,/home/hschi1106/ultimate/trunk/examples/Interactive/settings/SVCOMP2017/svcomp-Reach-32bit-Automizer_Default.epf,category=ReachSafety-ControlFlow; subcategory=unsignedintegeroverflow-sas23; subcategory_expected_true=5; subcategory_expected_false=0
reachsafety-controlflow-unsignedintegeroverflow-sas23-unsignedintegeroverflow-sas23-linear_interpolation_2-i-8d8bfe5a,/home/hschi1106/sv-benchmarks/c/unsignedintegeroverflow-sas23/linear_interpolation_2.i,/home/hschi1106/ultimate/trunk/examples/toolchains/AutomizerC.xml,/home/hschi1106/ultimate/trunk/examples/Interactive/settings/SVCOMP2017/svcomp-Reach-32bit-Automizer_Default.epf,category=ReachSafety-ControlFlow; subcategory=unsignedintegeroverflow-sas23; subcategory_expected_true=5; subcategory_expected_false=0
reachsafety-loops-loop-invariants-loop-invariants-bin-suffix-5-c-eedf10b6,/home/hschi1106/sv-benchmarks/c/loop-invariants/bin-suffix-5.c,/home/hschi1106/ultimate/trunk/examples/toolchains/AutomizerC.xml,/home/hschi1106/ultimate/trunk/examples/Interactive/settings/SVCOMP2017/svcomp-Reach-32bit-Automizer_Default.epf,category=ReachSafety-Loops; subcategory=loop-invariants; subcategory_expected_true=3; subcategory_expected_false=1
reachsafety-loops-loop-invariants-loop-invariants-eq2-c-5a410106,/home/hschi1106/sv-benchmarks/c/loop-invariants/eq2.c,/home/hschi1106/ultimate/trunk/examples/toolchains/AutomizerC.xml,/home/hschi1106/ultimate/trunk/examples/Interactive/settings/SVCOMP2017/svcomp-Reach-32bit-Automizer_Default.epf,category=ReachSafety-Loops; subcategory=loop-invariants; subcategory_expected_true=3; subcategory_expected_false=1
reachsafety-loops-loop-invariants-loop-invariants-linear-inequality-inv-b-c-a8d8b79c,/home/hschi1106/sv-benchmarks/c/loop-invariants/linear-inequality-inv-b.c,/home/hschi1106/ultimate/trunk/examples/toolchains/AutomizerC.xml,/home/hschi1106/ultimate/trunk/examples/Interactive/settings/SVCOMP2017/svcomp-Reach-32bit-Automizer_Default.epf,category=ReachSafety-Loops; subcategory=loop-invariants; subcategory_expected_true=3; subcategory_expected_false=1
reachsafety-loops-loop-invariants-loop-invariants-odd-c-a7089c8c,/home/hschi1106/sv-benchmarks/c/loop-invariants/odd.c,/home/hschi1106/ultimate/trunk/examples/toolchains/AutomizerC.xml,/home/hschi1106/ultimate/trunk/examples/Interactive/settings/SVCOMP2017/svcomp-Reach-32bit-Automizer_Default.epf,category=ReachSafety-Loops; subcategory=loop-invariants; subcategory_expected_true=3; subcategory_expected_false=1
reachsafety-loops-loop-invgen-loop-invgen-spamassassin-loop-i-a7035e22,/home/hschi1106/sv-benchmarks/c/loop-invgen/SpamAssassin-loop.i,/home/hschi1106/ultimate/trunk/examples/toolchains/AutomizerC.xml,/home/hschi1106/ultimate/trunk/examples/Interactive/settings/SVCOMP2017/svcomp-Reach-32bit-Automizer_Default.epf,category=ReachSafety-Loops; subcategory=loop-invgen; subcategory_expected_true=9; subcategory_expected_false=0
reachsafety-loops-loop-invgen-loop-invgen-apache-escape-absolute-i-v-cfa-reducer-c-70c30574,/home/hschi1106/sv-benchmarks/c/loop-invgen/apache-escape-absolute.i.v+cfa-reducer.c,/home/hschi1106/ultimate/trunk/examples/toolchains/AutomizerC.xml,/home/hschi1106/ultimate/trunk/examples/Interactive/settings/SVCOMP2017/svcomp-Reach-32bit-Automizer_Default.epf,category=ReachSafety-Loops; subcategory=loop-invgen; subcategory_expected_true=9; subcategory_expected_false=0
reachsafety-loops-loop-invgen-loop-invgen-apache-get-tag-i-p-nlh-reducer-c-933c2d40,/home/hschi1106/sv-benchmarks/c/loop-invgen/apache-get-tag.i.p+nlh-reducer.c,/home/hschi1106/ultimate/trunk/examples/toolchains/AutomizerC.xml,/home/hschi1106/ultimate/trunk/examples/Interactive/settings/SVCOMP2017/svcomp-Reach-32bit-Automizer_Default.epf,category=ReachSafety-Loops; subcategory=loop-invgen; subcategory_expected_true=9; subcategory_expected_false=0
reachsafety-loops-loop-invgen-loop-invgen-apache-get-tag-i-v-nlh-reducer-c-a8259a07,/home/hschi1106/sv-benchmarks/c/loop-invgen/apache-get-tag.i.v+nlh-reducer.c,/home/hschi1106/ultimate/trunk/examples/toolchains/AutomizerC.xml,/home/hschi1106/ultimate/trunk/examples/Interactive/settings/SVCOMP2017/svcomp-Reach-32bit-Automizer_Default.epf,category=ReachSafety-Loops; subcategory=loop-invgen; subcategory_expected_true=9; subcategory_expected_false=0
reachsafety-loops-loop-invgen-loop-invgen-half_2-i-92e83c88,/home/hschi1106/sv-benchmarks/c/loop-invgen/half_2.i,/home/hschi1106/ultimate/trunk/examples/toolchains/AutomizerC.xml,/home/hschi1106/ultimate/trunk/examples/Interactive/settings/SVCOMP2017/svcomp-Reach-32bit-Automizer_Default.epf,category=ReachSafety-Loops; subcategory=loop-invgen; subcategory_expected_true=9; subcategory_expected_false=0
reachsafety-loops-loop-invgen-loop-invgen-id_build-i-p-nlh-reducer-c-a4fb8ddd,/home/hschi1106/sv-benchmarks/c/loop-invgen/id_build.i.p+nlh-reducer.c,/home/hschi1106/ultimate/trunk/examples/toolchains/AutomizerC.xml,/home/hschi1106/ultimate/trunk/examples/Interactive/settings/SVCOMP2017/svcomp-Reach-32bit-Automizer_Default.epf,category=ReachSafety-Loops; subcategory=loop-invgen; subcategory_expected_true=9; subcategory_expected_false=0
reachsafety-loops-loop-invgen-loop-invgen-large_const-i-f301fca5,/home/hschi1106/sv-benchmarks/c/loop-invgen/large_const.i,/home/hschi1106/ultimate/trunk/examples/toolchains/AutomizerC.xml,/home/hschi1106/ultimate/trunk/examples/Interactive/settings/SVCOMP2017/svcomp-Reach-32bit-Automizer_Default.epf,category=ReachSafety-Loops; subcategory=loop-invgen; subcategory_expected_true=9; subcategory_expected_false=0
reachsafety-loops-loop-invgen-loop-invgen-nested9-i-c2252fca,/home/hschi1106/sv-benchmarks/c/loop-invgen/nested9.i,/home/hschi1106/ultimate/trunk/examples/toolchains/AutomizerC.xml,/home/hschi1106/ultimate/trunk/examples/Interactive/settings/SVCOMP2017/svcomp-Reach-32bit-Automizer_Default.epf,category=ReachSafety-Loops; subcategory=loop-invgen; subcategory_expected_true=9; subcategory_expected_false=0
reachsafety-loops-loop-invgen-loop-invgen-string_concat-noarr-i-688cb4d8,/home/hschi1106/sv-benchmarks/c/loop-invgen/string_concat-noarr.i,/home/hschi1106/ultimate/trunk/examples/toolchains/AutomizerC.xml,/home/hschi1106/ultimate/trunk/examples/Interactive/settings/SVCOMP2017/svcomp-Reach-32bit-Automizer_Default.epf,category=ReachSafety-Loops; subcategory=loop-invgen; subcategory_expected_true=9; subcategory_expected_false=0
reachsafety-loops-loop-lit-loop-lit-as2013-hybrid-i-20bf24f2,/home/hschi1106/sv-benchmarks/c/loop-lit/as2013-hybrid.i,/home/hschi1106/ultimate/trunk/examples/toolchains/AutomizerC.xml,/home/hschi1106/ultimate/trunk/examples/Interactive/settings/SVCOMP2017/svcomp-Reach-32bit-Automizer_Default.epf,category=ReachSafety-Loops; subcategory=loop-lit; subcategory_expected_true=10; subcategory_expected_false=0
reachsafety-loops-loop-lit-loop-lit-bh2017-ex3-i-77a65b68,/home/hschi1106/sv-benchmarks/c/loop-lit/bh2017-ex3.i,/home/hschi1106/ultimate/trunk/examples/toolchains/AutomizerC.xml,/home/hschi1106/ultimate/trunk/examples/Interactive/settings/SVCOMP2017/svcomp-Reach-32bit-Automizer_Default.epf,category=ReachSafety-Loops; subcategory=loop-lit; subcategory_expected_true=10; subcategory_expected_false=0
reachsafety-loops-loop-lit-loop-lit-cggmp2005_variant-i-05c0fca3,/home/hschi1106/sv-benchmarks/c/loop-lit/cggmp2005_variant.i,/home/hschi1106/ultimate/trunk/examples/toolchains/AutomizerC.xml,/home/hschi1106/ultimate/trunk/examples/Interactive/settings/SVCOMP2017/svcomp-Reach-32bit-Automizer_Default.epf,category=ReachSafety-Loops; subcategory=loop-lit; subcategory_expected_true=10; subcategory_expected_false=0
reachsafety-loops-loop-lit-loop-lit-ddlm2013-i-d4e96e8b,/home/hschi1106/sv-benchmarks/c/loop-lit/ddlm2013.i,/home/hschi1106/ultimate/trunk/examples/toolchains/AutomizerC.xml,/home/hschi1106/ultimate/trunk/examples/Interactive/settings/SVCOMP2017/svcomp-Reach-32bit-Automizer_Default.epf,category=ReachSafety-Loops; subcategory=loop-lit; subcategory_expected_true=10; subcategory_expected_false=0
reachsafety-loops-loop-lit-loop-lit-gj2007-i-c0ee6bea,/home/hschi1106/sv-benchmarks/c/loop-lit/gj2007.i,/home/hschi1106/ultimate/trunk/examples/toolchains/AutomizerC.xml,/home/hschi1106/ultimate/trunk/examples/Interactive/settings/SVCOMP2017/svcomp-Reach-32bit-Automizer_Default.epf,category=ReachSafety-Loops; subcategory=loop-lit; subcategory_expected_true=10; subcategory_expected_false=0
reachsafety-loops-loop-lit-loop-lit-gsv2008-c-i-p-cfa-reducer-c-69974645,/home/hschi1106/sv-benchmarks/c/loop-lit/gsv2008.c.i.p+cfa-reducer.c,/home/hschi1106/ultimate/trunk/examples/toolchains/AutomizerC.xml,/home/hschi1106/ultimate/trunk/examples/Interactive/settings/SVCOMP2017/svcomp-Reach-32bit-Automizer_Default.epf,category=ReachSafety-Loops; subcategory=loop-lit; subcategory_expected_true=10; subcategory_expected_false=0
reachsafety-loops-loop-lit-loop-lit-gsv2008-i-5eecf79e,/home/hschi1106/sv-benchmarks/c/loop-lit/gsv2008.i,/home/hschi1106/ultimate/trunk/examples/toolchains/AutomizerC.xml,/home/hschi1106/ultimate/trunk/examples/Interactive/settings/SVCOMP2017/svcomp-Reach-32bit-Automizer_Default.epf,category=ReachSafety-Loops; subcategory=loop-lit; subcategory_expected_true=10; subcategory_expected_false=0
reachsafety-loops-loop-lit-loop-lit-hhk2008-i-2e438846,/home/hschi1106/sv-benchmarks/c/loop-lit/hhk2008.i,/home/hschi1106/ultimate/trunk/examples/toolchains/AutomizerC.xml,/home/hschi1106/ultimate/trunk/examples/Interactive/settings/SVCOMP2017/svcomp-Reach-32bit-Automizer_Default.epf,category=ReachSafety-Loops; subcategory=loop-lit; subcategory_expected_true=10; subcategory_expected_false=0
reachsafety-loops-loop-lit-loop-lit-jm2006_variant-i-5bf58b0c,/home/hschi1106/sv-benchmarks/c/loop-lit/jm2006_variant.i,/home/hschi1106/ultimate/trunk/examples/toolchains/AutomizerC.xml,/home/hschi1106/ultimate/trunk/examples/Interactive/settings/SVCOMP2017/svcomp-Reach-32bit-Automizer_Default.epf,category=ReachSafety-Loops; subcategory=loop-lit; subcategory_expected_true=10; subcategory_expected_false=0
reachsafety-loops-loop-lit-loop-lit-mine2017-ex4-6-i-6d8bd3f1,/home/hschi1106/sv-benchmarks/c/loop-lit/mine2017-ex4.6.i,/home/hschi1106/ultimate/trunk/examples/toolchains/AutomizerC.xml,/home/hschi1106/ultimate/trunk/examples/Interactive/settings/SVCOMP2017/svcomp-Reach-32bit-Automizer_Default.epf,category=ReachSafety-Loops; subcategory=loop-lit; subcategory_expected_true=10; subcategory_expected_false=0
reachsafety-loops-loops-loops-array-1-c-f4902096,/home/hschi1106/sv-benchmarks/c/loops/array-1.c,/home/hschi1106/ultimate/trunk/examples/toolchains/AutomizerC.xml,/home/hschi1106/ultimate/trunk/examples/Interactive/settings/SVCOMP2017/svcomp-Reach-32bit-Automizer_Default.epf,category=ReachSafety-Loops; subcategory=loops; subcategory_expected_true=30; subcategory_expected_false=20
reachsafety-loops-loops-loops-array-2-c-25998a38,/home/hschi1106/sv-benchmarks/c/loops/array-2.c,/home/hschi1106/ultimate/trunk/examples/toolchains/AutomizerC.xml,/home/hschi1106/ultimate/trunk/examples/Interactive/settings/SVCOMP2017/svcomp-Reach-32bit-Automizer_Default.epf,category=ReachSafety-Loops; subcategory=loops; subcategory_expected_true=30; subcategory_expected_false=20
reachsafety-loops-loops-loops-bubble_sort-2-i-9ca57065,/home/hschi1106/sv-benchmarks/c/loops/bubble_sort-2.i,/home/hschi1106/ultimate/trunk/examples/toolchains/AutomizerC.xml,/home/hschi1106/ultimate/trunk/examples/Interactive/settings/SVCOMP2017/svcomp-Reach-32bit-Automizer_Default.epf,category=ReachSafety-Loops; subcategory=loops; subcategory_expected_true=30; subcategory_expected_false=20
reachsafety-loops-loops-loops-compact-c-8c27c089,/home/hschi1106/sv-benchmarks/c/loops/compact.c,/home/hschi1106/ultimate/trunk/examples/toolchains/AutomizerC.xml,/home/hschi1106/ultimate/trunk/examples/Interactive/settings/SVCOMP2017/svcomp-Reach-32bit-Automizer_Default.epf,category=ReachSafety-Loops; subcategory=loops; subcategory_expected_true=30; subcategory_expected_false=20
reachsafety-loops-loops-loops-count_up_down-2-c-73fcac96,/home/hschi1106/sv-benchmarks/c/loops/count_up_down-2.c,/home/hschi1106/ultimate/trunk/examples/toolchains/AutomizerC.xml,/home/hschi1106/ultimate/trunk/examples/Interactive/settings/SVCOMP2017/svcomp-Reach-32bit-Automizer_Default.epf,category=ReachSafety-Loops; subcategory=loops; subcategory_expected_true=30; subcategory_expected_false=20
reachsafety-loops-loops-loops-eureka_01-2-c-08da5440,/home/hschi1106/sv-benchmarks/c/loops/eureka_01-2.c,/home/hschi1106/ultimate/trunk/examples/toolchains/AutomizerC.xml,/home/hschi1106/ultimate/trunk/examples/Interactive/settings/SVCOMP2017/svcomp-Reach-32bit-Automizer_Default.epf,category=ReachSafety-Loops; subcategory=loops; subcategory_expected_true=30; subcategory_expected_false=20
reachsafety-loops-loops-loops-eureka_05-i-f478b211,/home/hschi1106/sv-benchmarks/c/loops/eureka_05.i,/home/hschi1106/ultimate/trunk/examples/toolchains/AutomizerC.xml,/home/hschi1106/ultimate/trunk/examples/Interactive/settings/SVCOMP2017/svcomp-Reach-32bit-Automizer_Default.epf,category=ReachSafety-Loops; subcategory=loops; subcategory_expected_true=30; subcategory_expected_false=20
reachsafety-loops-loops-loops-for_bounded_loop1-c-5fceb531,/home/hschi1106/sv-benchmarks/c/loops/for_bounded_loop1.c,/home/hschi1106/ultimate/trunk/examples/toolchains/AutomizerC.xml,/home/hschi1106/ultimate/trunk/examples/Interactive/settings/SVCOMP2017/svcomp-Reach-32bit-Automizer_Default.epf,category=ReachSafety-Loops; subcategory=loops; subcategory_expected_true=30; subcategory_expected_false=20
reachsafety-loops-loops-loops-for_infinite_loop_2-c-e3f3a3fe,/home/hschi1106/sv-benchmarks/c/loops/for_infinite_loop_2.c,/home/hschi1106/ultimate/trunk/examples/toolchains/AutomizerC.xml,/home/hschi1106/ultimate/trunk/examples/Interactive/settings/SVCOMP2017/svcomp-Reach-32bit-Automizer_Default.epf,category=ReachSafety-Loops; subcategory=loops; subcategory_expected_true=30; subcategory_expected_false=20
reachsafety-loops-loops-loops-heavy-1-c-5a017a34,/home/hschi1106/sv-benchmarks/c/loops/heavy-1.c,/home/hschi1106/ultimate/trunk/examples/toolchains/AutomizerC.xml,/home/hschi1106/ultimate/trunk/examples/Interactive/settings/SVCOMP2017/svcomp-Reach-32bit-Automizer_Default.epf,category=ReachSafety-Loops; subcategory=loops; subcategory_expected_true=30; subcategory_expected_false=20
reachsafety-loops-loops-loops-heavy-2-c-1639ec9e,/home/hschi1106/sv-benchmarks/c/loops/heavy-2.c,/home/hschi1106/ultimate/trunk/examples/toolchains/AutomizerC.xml,/home/hschi1106/ultimate/trunk/examples/Interactive/settings/SVCOMP2017/svcomp-Reach-32bit-Automizer_Default.epf,category=ReachSafety-Loops; subcategory=loops; subcategory_expected_true=30; subcategory_expected_false=20
reachsafety-loops-loops-loops-insertion_sort-1-2-c-a2b5d29d,/home/hschi1106/sv-benchmarks/c/loops/insertion_sort-1-2.c,/home/hschi1106/ultimate/trunk/examples/toolchains/AutomizerC.xml,/home/hschi1106/ultimate/trunk/examples/Interactive/settings/SVCOMP2017/svcomp-Reach-32bit-Automizer_Default.epf,category=ReachSafety-Loops; subcategory=loops; subcategory_expected_true=30; subcategory_expected_false=20
reachsafety-loops-loops-loops-invert_string-1-c-aa044d92,/home/hschi1106/sv-benchmarks/c/loops/invert_string-1.c,/home/hschi1106/ultimate/trunk/examples/toolchains/AutomizerC.xml,/home/hschi1106/ultimate/trunk/examples/Interactive/settings/SVCOMP2017/svcomp-Reach-32bit-Automizer_Default.epf,category=ReachSafety-Loops; subcategory=loops; subcategory_expected_true=30; subcategory_expected_false=20
reachsafety-loops-loops-loops-invert_string-3-c-a3e79bd2,/home/hschi1106/sv-benchmarks/c/loops/invert_string-3.c,/home/hschi1106/ultimate/trunk/examples/toolchains/AutomizerC.xml,/home/hschi1106/ultimate/trunk/examples/Interactive/settings/SVCOMP2017/svcomp-Reach-32bit-Automizer_Default.epf,category=ReachSafety-Loops; subcategory=loops; subcategory_expected_true=30; subcategory_expected_false=20
reachsafety-loops-loops-loops-linear_sea-ch-c-ab7e4e2f,/home/hschi1106/sv-benchmarks/c/loops/linear_sea.ch.c,/home/hschi1106/ultimate/trunk/examples/toolchains/AutomizerC.xml,/home/hschi1106/ultimate/trunk/examples/Interactive/settings/SVCOMP2017/svcomp-Reach-32bit-Automizer_Default.epf,category=ReachSafety-Loops; subcategory=loops; subcategory_expected_true=30; subcategory_expected_false=20
reachsafety-loops-loops-loops-linear_search-c-5fbb7ab2,/home/hschi1106/sv-benchmarks/c/loops/linear_search.c,/home/hschi1106/ultimate/trunk/examples/toolchains/AutomizerC.xml,/home/hschi1106/ultimate/trunk/examples/Interactive/settings/SVCOMP2017/svcomp-Reach-32bit-Automizer_Default.epf,category=ReachSafety-Loops; subcategory=loops; subcategory_expected_true=30; subcategory_expected_false=20
reachsafety-loops-loops-loops-ludcmp-c-a28655c7,/home/hschi1106/sv-benchmarks/c/loops/ludcmp.c,/home/hschi1106/ultimate/trunk/examples/toolchains/AutomizerC.xml,/home/hschi1106/ultimate/trunk/examples/Interactive/settings/SVCOMP2017/svcomp-Reach-32bit-Automizer_Default.epf,category=ReachSafety-Loops; subcategory=loops; subcategory_expected_true=30; subcategory_expected_false=20
reachsafety-loops-loops-loops-matrix-1-c-d309ab3a,/home/hschi1106/sv-benchmarks/c/loops/matrix-1.c,/home/hschi1106/ultimate/trunk/examples/toolchains/AutomizerC.xml,/home/hschi1106/ultimate/trunk/examples/Interactive/settings/SVCOMP2017/svcomp-Reach-32bit-Automizer_Default.epf,category=ReachSafety-Loops; subcategory=loops; subcategory_expected_true=30; subcategory_expected_false=20
reachsafety-loops-loops-loops-matrix-2-2-c-583283eb,/home/hschi1106/sv-benchmarks/c/loops/matrix-2-2.c,/home/hschi1106/ultimate/trunk/examples/toolchains/AutomizerC.xml,/home/hschi1106/ultimate/trunk/examples/Interactive/settings/SVCOMP2017/svcomp-Reach-32bit-Automizer_Default.epf,category=ReachSafety-Loops; subcategory=loops; subcategory_expected_true=30; subcategory_expected_false=20
reachsafety-loops-loops-loops-n-c11-c-4869e818,/home/hschi1106/sv-benchmarks/c/loops/n.c11.c,/home/hschi1106/ultimate/trunk/examples/toolchains/AutomizerC.xml,/home/hschi1106/ultimate/trunk/examples/Interactive/settings/SVCOMP2017/svcomp-Reach-32bit-Automizer_Default.epf,category=ReachSafety-Loops; subcategory=loops; subcategory_expected_true=30; subcategory_expected_false=20
reachsafety-loops-loops-loops-n-c40-c-a8170563,/home/hschi1106/sv-benchmarks/c/loops/n.c40.c,/home/hschi1106/ultimate/trunk/examples/toolchains/AutomizerC.xml,/home/hschi1106/ultimate/trunk/examples/Interactive/settings/SVCOMP2017/svcomp-Reach-32bit-Automizer_Default.epf,category=ReachSafety-Loops; subcategory=loops; subcategory_expected_true=30; subcategory_expected_false=20
reachsafety-loops-loops-loops-nec11-c-5a01f257,/home/hschi1106/sv-benchmarks/c/loops/nec11.c,/home/hschi1106/ultimate/trunk/examples/toolchains/AutomizerC.xml,/home/hschi1106/ultimate/trunk/examples/Interactive/settings/SVCOMP2017/svcomp-Reach-32bit-Automizer_Default.epf,category=ReachSafety-Loops; subcategory=loops; subcategory_expected_true=30; subcategory_expected_false=20
reachsafety-loops-loops-loops-nec20-c-0e2e53d9,/home/hschi1106/sv-benchmarks/c/loops/nec20.c,/home/hschi1106/ultimate/trunk/examples/toolchains/AutomizerC.xml,/home/hschi1106/ultimate/trunk/examples/Interactive/settings/SVCOMP2017/svcomp-Reach-32bit-Automizer_Default.epf,category=ReachSafety-Loops; subcategory=loops; subcategory_expected_true=30; subcategory_expected_false=20
reachsafety-loops-loops-loops-nec40-c-d5de8d77,/home/hschi1106/sv-benchmarks/c/loops/nec40.c,/home/hschi1106/ultimate/trunk/examples/toolchains/AutomizerC.xml,/home/hschi1106/ultimate/trunk/examples/Interactive/settings/SVCOMP2017/svcomp-Reach-32bit-Automizer_Default.epf,category=ReachSafety-Loops; subcategory=loops; subcategory_expected_true=30; subcategory_expected_false=20
reachsafety-loops-loops-loops-string-2-i-05ab262a,/home/hschi1106/sv-benchmarks/c/loops/string-2.i,/home/hschi1106/ultimate/trunk/examples/toolchains/AutomizerC.xml,/home/hschi1106/ultimate/trunk/examples/Interactive/settings/SVCOMP2017/svcomp-Reach-32bit-Automizer_Default.epf,category=ReachSafety-Loops; subcategory=loops; subcategory_expected_true=30; subcategory_expected_false=20
reachsafety-loops-loops-loops-sum01-2-i-3922bd1c,/home/hschi1106/sv-benchmarks/c/loops/sum01-2.i,/home/hschi1106/ultimate/trunk/examples/toolchains/AutomizerC.xml,/home/hschi1106/ultimate/trunk/examples/Interactive/settings/SVCOMP2017/svcomp-Reach-32bit-Automizer_Default.epf,category=ReachSafety-Loops; subcategory=loops; subcategory_expected_true=30; subcategory_expected_false=20
reachsafety-loops-loops-loops-sum01_bug02-i-32fd284b,/home/hschi1106/sv-benchmarks/c/loops/sum01_bug02.i,/home/hschi1106/ultimate/trunk/examples/toolchains/AutomizerC.xml,/home/hschi1106/ultimate/trunk/examples/Interactive/settings/SVCOMP2017/svcomp-Reach-32bit-Automizer_Default.epf,category=ReachSafety-Loops; subcategory=loops; subcategory_expected_true=30; subcategory_expected_false=20
reachsafety-loops-loops-loops-sum03-2-i-418cc96f,/home/hschi1106/sv-benchmarks/c/loops/sum03-2.i,/home/hschi1106/ultimate/trunk/examples/toolchains/AutomizerC.xml,/home/hschi1106/ultimate/trunk/examples/Interactive/settings/SVCOMP2017/svcomp-Reach-32bit-Automizer_Default.epf,category=ReachSafety-Loops; subcategory=loops; subcategory_expected_true=30; subcategory_expected_false=20
reachsafety-loops-loops-loops-sum04-1-i-1bc063d9,/home/hschi1106/sv-benchmarks/c/loops/sum04-1.i,/home/hschi1106/ultimate/trunk/examples/toolchains/AutomizerC.xml,/home/hschi1106/ultimate/trunk/examples/Interactive/settings/SVCOMP2017/svcomp-Reach-32bit-Automizer_Default.epf,category=ReachSafety-Loops; subcategory=loops; subcategory_expected_true=30; subcategory_expected_false=20
reachsafety-loops-loops-loops-sum04-2-i-86884eb7,/home/hschi1106/sv-benchmarks/c/loops/sum04-2.i,/home/hschi1106/ultimate/trunk/examples/toolchains/AutomizerC.xml,/home/hschi1106/ultimate/trunk/examples/Interactive/settings/SVCOMP2017/svcomp-Reach-32bit-Automizer_Default.epf,category=ReachSafety-Loops; subcategory=loops; subcategory_expected_true=30; subcategory_expected_false=20
reachsafety-loops-loops-loops-sum_array-2-2-i-e767e7b5,/home/hschi1106/sv-benchmarks/c/loops/sum_array-2-2.i,/home/hschi1106/ultimate/trunk/examples/toolchains/AutomizerC.xml,/home/hschi1106/ultimate/trunk/examples/Interactive/settings/SVCOMP2017/svcomp-Reach-32bit-Automizer_Default.epf,category=ReachSafety-Loops; subcategory=loops; subcategory_expected_true=30; subcategory_expected_false=20
reachsafety-loops-loops-loops-terminator_02-2-c-c1149b28,/home/hschi1106/sv-benchmarks/c/loops/terminator_02-2.c,/home/hschi1106/ultimate/trunk/examples/toolchains/AutomizerC.xml,/home/hschi1106/ultimate/trunk/examples/Interactive/settings/SVCOMP2017/svcomp-Reach-32bit-Automizer_Default.epf,category=ReachSafety-Loops; subcategory=loops; subcategory_expected_true=30; subcategory_expected_false=20
reachsafety-loops-loops-loops-terminator_02-2_abstracted-c-22bfba12,/home/hschi1106/sv-benchmarks/c/loops/terminator_02-2_abstracted.c,/home/hschi1106/ultimate/trunk/examples/toolchains/AutomizerC.xml,/home/hschi1106/ultimate/trunk/examples/Interactive/settings/SVCOMP2017/svcomp-Reach-32bit-Automizer_Default.epf,category=ReachSafety-Loops; subcategory=loops; subcategory_expected_true=30; subcategory_expected_false=20
reachsafety-loops-loops-loops-terminator_03-2-i-237c5f94,/home/hschi1106/sv-benchmarks/c/loops/terminator_03-2.i,/home/hschi1106/ultimate/trunk/examples/toolchains/AutomizerC.xml,/home/hschi1106/ultimate/trunk/examples/Interactive/settings/SVCOMP2017/svcomp-Reach-32bit-Automizer_Default.epf,category=ReachSafety-Loops; subcategory=loops; subcategory_expected_true=30; subcategory_expected_false=20
reachsafety-loops-loops-loops-terminator_03-2_abstracted-i-077cd2e1,/home/hschi1106/sv-benchmarks/c/loops/terminator_03-2_abstracted.i,/home/hschi1106/ultimate/trunk/examples/toolchains/AutomizerC.xml,/home/hschi1106/ultimate/trunk/examples/Interactive/settings/SVCOMP2017/svcomp-Reach-32bit-Automizer_Default.epf,category=ReachSafety-Loops; subcategory=loops; subcategory_expected_true=30; subcategory_expected_false=20
reachsafety-loops-loops-loops-trex01-2-i-8c965c21,/home/hschi1106/sv-benchmarks/c/loops/trex01-2.i,/home/hschi1106/ultimate/trunk/examples/toolchains/AutomizerC.xml,/home/hschi1106/ultimate/trunk/examples/Interactive/settings/SVCOMP2017/svcomp-Reach-32bit-Automizer_Default.epf,category=ReachSafety-Loops; subcategory=loops; subcategory_expected_true=30; subcategory_expected_false=20
reachsafety-loops-loops-loops-trex02-1-c-18df63c7,/home/hschi1106/sv-benchmarks/c/loops/trex02-1.c,/home/hschi1106/ultimate/trunk/examples/toolchains/AutomizerC.xml,/home/hschi1106/ultimate/trunk/examples/Interactive/settings/SVCOMP2017/svcomp-Reach-32bit-Automizer_Default.epf,category=ReachSafety-Loops; subcategory=loops; subcategory_expected_true=30; subcategory_expected_false=20
reachsafety-loops-loops-loops-trex02-2-c-6fa0141f,/home/hschi1106/sv-benchmarks/c/loops/trex02-2.c,/home/hschi1106/ultimate/trunk/examples/toolchains/AutomizerC.xml,/home/hschi1106/ultimate/trunk/examples/Interactive/settings/SVCOMP2017/svcomp-Reach-32bit-Automizer_Default.epf,category=ReachSafety-Loops; subcategory=loops; subcategory_expected_true=30; subcategory_expected_false=20
reachsafety-loops-loops-loops-trex03-1-c-57033208,/home/hschi1106/sv-benchmarks/c/loops/trex03-1.c,/home/hschi1106/ultimate/trunk/examples/toolchains/AutomizerC.xml,/home/hschi1106/ultimate/trunk/examples/Interactive/settings/SVCOMP2017/svcomp-Reach-32bit-Automizer_Default.epf,category=ReachSafety-Loops; subcategory=loops; subcategory_expected_true=30; subcategory_expected_false=20
reachsafety-loops-loops-loops-trex03-2_abstracted-c-9b29e648,/home/hschi1106/sv-benchmarks/c/loops/trex03-2_abstracted.c,/home/hschi1106/ultimate/trunk/examples/toolchains/AutomizerC.xml,/home/hschi1106/ultimate/trunk/examples/Interactive/settings/SVCOMP2017/svcomp-Reach-32bit-Automizer_Default.epf,category=ReachSafety-Loops; subcategory=loops; subcategory_expected_true=30; subcategory_expected_false=20
reachsafety-loops-loops-loops-trex04-c-84b6ba02,/home/hschi1106/sv-benchmarks/c/loops/trex04.c,/home/hschi1106/ultimate/trunk/examples/toolchains/AutomizerC.xml,/home/hschi1106/ultimate/trunk/examples/Interactive/settings/SVCOMP2017/svcomp-Reach-32bit-Automizer_Default.epf,category=ReachSafety-Loops; subcategory=loops; subcategory_expected_true=30; subcategory_expected_false=20
reachsafety-loops-loops-loops-trex04_abstracted-c-ed7d23a4,/home/hschi1106/sv-benchmarks/c/loops/trex04_abstracted.c,/home/hschi1106/ultimate/trunk/examples/toolchains/AutomizerC.xml,/home/hschi1106/ultimate/trunk/examples/Interactive/settings/SVCOMP2017/svcomp-Reach-32bit-Automizer_Default.epf,category=ReachSafety-Loops; subcategory=loops; subcategory_expected_true=30; subcategory_expected_false=20
reachsafety-loops-loops-loops-veris-c_netbsd-libc_loop-i-71e02660,/home/hschi1106/sv-benchmarks/c/loops/veris.c_NetBSD-libc_loop.i,/home/hschi1106/ultimate/trunk/examples/toolchains/AutomizerC.xml,/home/hschi1106/ultimate/trunk/examples/Interactive/settings/SVCOMP2017/svcomp-Reach-32bit-Automizer_Default.epf,category=ReachSafety-Loops; subcategory=loops; subcategory_expected_true=30; subcategory_expected_false=20
reachsafety-loops-loops-loops-veris-c_sendmail_ttflag_arr_one_loop-c-6c11751a,/home/hschi1106/sv-benchmarks/c/loops/veris.c_sendmail_tTflag_arr_one_loop.c,/home/hschi1106/ultimate/trunk/examples/toolchains/AutomizerC.xml,/home/hschi1106/ultimate/trunk/examples/Interactive/settings/SVCOMP2017/svcomp-Reach-32bit-Automizer_Default.epf,category=ReachSafety-Loops; subcategory=loops; subcategory_expected_true=30; subcategory_expected_false=20
reachsafety-loops-loops-loops-verisec_netbsd-libc_loop-i-bfe7d568,/home/hschi1106/sv-benchmarks/c/loops/verisec_NetBSD-libc_loop.i,/home/hschi1106/ultimate/trunk/examples/toolchains/AutomizerC.xml,/home/hschi1106/ultimate/trunk/examples/Interactive/settings/SVCOMP2017/svcomp-Reach-32bit-Automizer_Default.epf,category=ReachSafety-Loops; subcategory=loops; subcategory_expected_true=30; subcategory_expected_false=20
reachsafety-loops-loops-loops-verisec_openser_cases1_stripfullboth_arr-i-91438cfb,/home/hschi1106/sv-benchmarks/c/loops/verisec_OpenSER_cases1_stripFullBoth_arr.i,/home/hschi1106/ultimate/trunk/examples/toolchains/AutomizerC.xml,/home/hschi1106/ultimate/trunk/examples/Interactive/settings/SVCOMP2017/svcomp-Reach-32bit-Automizer_Default.epf,category=ReachSafety-Loops; subcategory=loops; subcategory_expected_true=30; subcategory_expected_false=20
reachsafety-loops-loops-loops-vogal-1-i-b379a921,/home/hschi1106/sv-benchmarks/c/loops/vogal-1.i,/home/hschi1106/ultimate/trunk/examples/toolchains/AutomizerC.xml,/home/hschi1106/ultimate/trunk/examples/Interactive/settings/SVCOMP2017/svcomp-Reach-32bit-Automizer_Default.epf,category=ReachSafety-Loops; subcategory=loops; subcategory_expected_true=30; subcategory_expected_false=20
reachsafety-loops-loops-loops-while_infinite_loop_1-c-2200ed4a,/home/hschi1106/sv-benchmarks/c/loops/while_infinite_loop_1.c,/home/hschi1106/ultimate/trunk/examples/toolchains/AutomizerC.xml,/home/hschi1106/ultimate/trunk/examples/Interactive/settings/SVCOMP2017/svcomp-Reach-32bit-Automizer_Default.epf,category=ReachSafety-Loops; subcategory=loops; subcategory_expected_true=30; subcategory_expected_false=20
reachsafety-loops-loops-loops-while_infinite_loop_2-c-456a587f,/home/hschi1106/sv-benchmarks/c/loops/while_infinite_loop_2.c,/home/hschi1106/ultimate/trunk/examples/toolchains/AutomizerC.xml,/home/hschi1106/ultimate/trunk/examples/Interactive/settings/SVCOMP2017/svcomp-Reach-32bit-Automizer_Default.epf,category=ReachSafety-Loops; subcategory=loops; subcategory_expected_true=30; subcategory_expected_false=20
reachsafety-loops-loops-loops-while_infinite_loop_3-c-5fa98251,/home/hschi1106/sv-benchmarks/c/loops/while_infinite_loop_3.c,/home/hschi1106/ultimate/trunk/examples/toolchains/AutomizerC.xml,/home/hschi1106/ultimate/trunk/examples/Interactive/settings/SVCOMP2017/svcomp-Reach-32bit-Automizer_Default.epf,category=ReachSafety-Loops; subcategory=loops; subcategory_expected_true=30; subcategory_expected_false=20
reachsafety-loops-loops-crafted-1-loops-crafted-1-mono1_1-1-c-3a20e74a,/home/hschi1106/sv-benchmarks/c/loops-crafted-1/Mono1_1-1.c,/home/hschi1106/ultimate/trunk/examples/toolchains/AutomizerC.xml,/home/hschi1106/ultimate/trunk/examples/Interactive/settings/SVCOMP2017/svcomp-Reach-32bit-Automizer_Default.epf,category=ReachSafety-Loops; subcategory=loops-crafted-1; subcategory_expected_true=15; subcategory_expected_false=3
reachsafety-loops-loops-crafted-1-loops-crafted-1-mono4_1-c-97c48ff7,/home/hschi1106/sv-benchmarks/c/loops-crafted-1/Mono4_1.c,/home/hschi1106/ultimate/trunk/examples/toolchains/AutomizerC.xml,/home/hschi1106/ultimate/trunk/examples/Interactive/settings/SVCOMP2017/svcomp-Reach-32bit-Automizer_Default.epf,category=ReachSafety-Loops; subcategory=loops-crafted-1; subcategory_expected_true=15; subcategory_expected_false=3
reachsafety-loops-loops-crafted-1-loops-crafted-1-discover_list-c-6fc415cb,/home/hschi1106/sv-benchmarks/c/loops-crafted-1/discover_list.c,/home/hschi1106/ultimate/trunk/examples/toolchains/AutomizerC.xml,/home/hschi1106/ultimate/trunk/examples/Interactive/settings/SVCOMP2017/svcomp-Reach-32bit-Automizer_Default.epf,category=ReachSafety-Loops; subcategory=loops-crafted-1; subcategory_expected_true=15; subcategory_expected_false=3
reachsafety-loops-loops-crafted-1-loops-crafted-1-in-de31-c-2fbbce20,/home/hschi1106/sv-benchmarks/c/loops-crafted-1/in-de31.c,/home/hschi1106/ultimate/trunk/examples/toolchains/AutomizerC.xml,/home/hschi1106/ultimate/trunk/examples/Interactive/settings/SVCOMP2017/svcomp-Reach-32bit-Automizer_Default.epf,category=ReachSafety-Loops; subcategory=loops-crafted-1; subcategory_expected_true=15; subcategory_expected_false=3
reachsafety-loops-loops-crafted-1-loops-crafted-1-in-de42-c-522e93a5,/home/hschi1106/sv-benchmarks/c/loops-crafted-1/in-de42.c,/home/hschi1106/ultimate/trunk/examples/toolchains/AutomizerC.xml,/home/hschi1106/ultimate/trunk/examples/Interactive/settings/SVCOMP2017/svcomp-Reach-32bit-Automizer_Default.epf,category=ReachSafety-Loops; subcategory=loops-crafted-1; subcategory_expected_true=15; subcategory_expected_false=3
reachsafety-loops-loops-crafted-1-loops-crafted-1-in-de61-c-1e18a064,/home/hschi1106/sv-benchmarks/c/loops-crafted-1/in-de61.c,/home/hschi1106/ultimate/trunk/examples/toolchains/AutomizerC.xml,/home/hschi1106/ultimate/trunk/examples/Interactive/settings/SVCOMP2017/svcomp-Reach-32bit-Automizer_Default.epf,category=ReachSafety-Loops; subcategory=loops-crafted-1; subcategory_expected_true=15; subcategory_expected_false=3
reachsafety-loops-loops-crafted-1-loops-crafted-1-loopv2-c-404bfdfa,/home/hschi1106/sv-benchmarks/c/loops-crafted-1/loopv2.c,/home/hschi1106/ultimate/trunk/examples/toolchains/AutomizerC.xml,/home/hschi1106/ultimate/trunk/examples/Interactive/settings/SVCOMP2017/svcomp-Reach-32bit-Automizer_Default.epf,category=ReachSafety-Loops; subcategory=loops-crafted-1; subcategory_expected_true=15; subcategory_expected_false=3
reachsafety-loops-loops-crafted-1-loops-crafted-1-mono-crafted_11-c-828309b7,/home/hschi1106/sv-benchmarks/c/loops-crafted-1/mono-crafted_11.c,/home/hschi1106/ultimate/trunk/examples/toolchains/AutomizerC.xml,/home/hschi1106/ultimate/trunk/examples/Interactive/settings/SVCOMP2017/svcomp-Reach-32bit-Automizer_Default.epf,category=ReachSafety-Loops; subcategory=loops-crafted-1; subcategory_expected_true=15; subcategory_expected_false=3
reachsafety-loops-loops-crafted-1-loops-crafted-1-mono-crafted_14-c-30f23099,/home/hschi1106/sv-benchmarks/c/loops-crafted-1/mono-crafted_14.c,/home/hschi1106/ultimate/trunk/examples/toolchains/AutomizerC.xml,/home/hschi1106/ultimate/trunk/examples/Interactive/settings/SVCOMP2017/svcomp-Reach-32bit-Automizer_Default.epf,category=ReachSafety-Loops; subcategory=loops-crafted-1; subcategory_expected_true=15; subcategory_expected_false=3
reachsafety-loops-loops-crafted-1-loops-crafted-1-mono-crafted_7-c-811f93b4,/home/hschi1106/sv-benchmarks/c/loops-crafted-1/mono-crafted_7.c,/home/hschi1106/ultimate/trunk/examples/toolchains/AutomizerC.xml,/home/hschi1106/ultimate/trunk/examples/Interactive/settings/SVCOMP2017/svcomp-Reach-32bit-Automizer_Default.epf,category=ReachSafety-Loops; subcategory=loops-crafted-1; subcategory_expected_true=15; subcategory_expected_false=3
reachsafety-loops-loops-crafted-1-loops-crafted-1-nested3-1-c-e1e94918,/home/hschi1106/sv-benchmarks/c/loops-crafted-1/nested3-1.c,/home/hschi1106/ultimate/trunk/examples/toolchains/AutomizerC.xml,/home/hschi1106/ultimate/trunk/examples/Interactive/settings/SVCOMP2017/svcomp-Reach-32bit-Automizer_Default.epf,category=ReachSafety-Loops; subcategory=loops-crafted-1; subcategory_expected_true=15; subcategory_expected_false=3
reachsafety-loops-loops-crafted-1-loops-crafted-1-nested3-2_abstracted-c-3a5fb54b,/home/hschi1106/sv-benchmarks/c/loops-crafted-1/nested3-2_abstracted.c,/home/hschi1106/ultimate/trunk/examples/toolchains/AutomizerC.xml,/home/hschi1106/ultimate/trunk/examples/Interactive/settings/SVCOMP2017/svcomp-Reach-32bit-Automizer_Default.epf,category=ReachSafety-Loops; subcategory=loops-crafted-1; subcategory_expected_true=15; subcategory_expected_false=3
reachsafety-loops-loops-crafted-1-loops-crafted-1-nested_delay_nd-c-75b14624,/home/hschi1106/sv-benchmarks/c/loops-crafted-1/nested_delay_nd.c,/home/hschi1106/ultimate/trunk/examples/toolchains/AutomizerC.xml,/home/hschi1106/ultimate/trunk/examples/Interactive/settings/SVCOMP2017/svcomp-Reach-32bit-Automizer_Default.epf,category=ReachSafety-Loops; subcategory=loops-crafted-1; subcategory_expected_true=15; subcategory_expected_false=3
reachsafety-loops-loops-crafted-1-loops-crafted-1-sum_by_3-c-f4a20d3b,/home/hschi1106/sv-benchmarks/c/loops-crafted-1/sum_by_3.c,/home/hschi1106/ultimate/trunk/examples/toolchains/AutomizerC.xml,/home/hschi1106/ultimate/trunk/examples/Interactive/settings/SVCOMP2017/svcomp-Reach-32bit-Automizer_Default.epf,category=ReachSafety-Loops; subcategory=loops-crafted-1; subcategory_expected_true=15; subcategory_expected_false=3
reachsafety-loops-loops-crafted-1-loops-crafted-1-sumt2-c-06ca1c26,/home/hschi1106/sv-benchmarks/c/loops-crafted-1/sumt2.c,/home/hschi1106/ultimate/trunk/examples/toolchains/AutomizerC.xml,/home/hschi1106/ultimate/trunk/examples/Interactive/settings/SVCOMP2017/svcomp-Reach-32bit-Automizer_Default.epf,category=ReachSafety-Loops; subcategory=loops-crafted-1; subcategory_expected_true=15; subcategory_expected_false=3
reachsafety-loops-loops-crafted-1-loops-crafted-1-sumt5-c-020befc7,/home/hschi1106/sv-benchmarks/c/loops-crafted-1/sumt5.c,/home/hschi1106/ultimate/trunk/examples/toolchains/AutomizerC.xml,/home/hschi1106/ultimate/trunk/examples/Interactive/settings/SVCOMP2017/svcomp-Reach-32bit-Automizer_Default.epf,category=ReachSafety-Loops; subcategory=loops-crafted-1; subcategory_expected_true=15; subcategory_expected_false=3
reachsafety-loops-loops-crafted-1-loops-crafted-1-sumt8-c-5a194b34,/home/hschi1106/sv-benchmarks/c/loops-crafted-1/sumt8.c,/home/hschi1106/ultimate/trunk/examples/toolchains/AutomizerC.xml,/home/hschi1106/ultimate/trunk/examples/Interactive/settings/SVCOMP2017/svcomp-Reach-32bit-Automizer_Default.epf,category=ReachSafety-Loops; subcategory=loops-crafted-1; subcategory_expected_true=15; subcategory_expected_false=3
reachsafety-loops-loops-crafted-1-loops-crafted-1-vnew2-c-bae512b7,/home/hschi1106/sv-benchmarks/c/loops-crafted-1/vnew2.c,/home/hschi1106/ultimate/trunk/examples/toolchains/AutomizerC.xml,/home/hschi1106/ultimate/trunk/examples/Interactive/settings/SVCOMP2017/svcomp-Reach-32bit-Automizer_Default.epf,category=ReachSafety-Loops; subcategory=loops-crafted-1; subcategory_expected_true=15; subcategory_expected_false=3
reachsafety-loops-nla-digbench-nla-digbench-cohencu-ll-c-2a3703cc,/home/hschi1106/sv-benchmarks/c/nla-digbench/cohencu-ll.c,/home/hschi1106/ultimate/trunk/examples/toolchains/AutomizerC.xml,/home/hschi1106/ultimate/trunk/examples/Interactive/settings/SVCOMP2017/svcomp-Reach-32bit-Automizer_Default.epf,category=ReachSafety-Loops; subcategory=nla-digbench; subcategory_expected_true=7; subcategory_expected_false=2
reachsafety-loops-nla-digbench-nla-digbench-divbin-i-e52365c7,/home/hschi1106/sv-benchmarks/c/nla-digbench/divbin.i,/home/hschi1106/ultimate/trunk/examples/toolchains/AutomizerC.xml,/home/hschi1106/ultimate/trunk/examples/Interactive/settings/SVCOMP2017/svcomp-Reach-32bit-Automizer_Default.epf,category=ReachSafety-Loops; subcategory=nla-digbench; subcategory_expected_true=7; subcategory_expected_false=2
reachsafety-loops-nla-digbench-nla-digbench-egcd2-ll-c-c8fb91e6,/home/hschi1106/sv-benchmarks/c/nla-digbench/egcd2-ll.c,/home/hschi1106/ultimate/trunk/examples/toolchains/AutomizerC.xml,/home/hschi1106/ultimate/trunk/examples/Interactive/settings/SVCOMP2017/svcomp-Reach-32bit-Automizer_Default.epf,category=ReachSafety-Loops; subcategory=nla-digbench; subcategory_expected_true=7; subcategory_expected_false=2
reachsafety-loops-nla-digbench-nla-digbench-fermat2-ll-c-d26c8c23,/home/hschi1106/sv-benchmarks/c/nla-digbench/fermat2-ll.c,/home/hschi1106/ultimate/trunk/examples/toolchains/AutomizerC.xml,/home/hschi1106/ultimate/trunk/examples/Interactive/settings/SVCOMP2017/svcomp-Reach-32bit-Automizer_Default.epf,category=ReachSafety-Loops; subcategory=nla-digbench; subcategory_expected_true=7; subcategory_expected_false=2
reachsafety-loops-nla-digbench-nla-digbench-geo2-ll-c-0f3ddfba,/home/hschi1106/sv-benchmarks/c/nla-digbench/geo2-ll.c,/home/hschi1106/ultimate/trunk/examples/toolchains/AutomizerC.xml,/home/hschi1106/ultimate/trunk/examples/Interactive/settings/SVCOMP2017/svcomp-Reach-32bit-Automizer_Default.epf,category=ReachSafety-Loops; subcategory=nla-digbench; subcategory_expected_true=7; subcategory_expected_false=2
reachsafety-loops-nla-digbench-nla-digbench-hard-u-c-4f3bc90f,/home/hschi1106/sv-benchmarks/c/nla-digbench/hard-u.c,/home/hschi1106/ultimate/trunk/examples/toolchains/AutomizerC.xml,/home/hschi1106/ultimate/trunk/examples/Interactive/settings/SVCOMP2017/svcomp-Reach-32bit-Automizer_Default.epf,category=ReachSafety-Loops; subcategory=nla-digbench; subcategory_expected_true=7; subcategory_expected_false=2
reachsafety-loops-nla-digbench-nla-digbench-lcm2-c-8305d60e,/home/hschi1106/sv-benchmarks/c/nla-digbench/lcm2.c,/home/hschi1106/ultimate/trunk/examples/toolchains/AutomizerC.xml,/home/hschi1106/ultimate/trunk/examples/Interactive/settings/SVCOMP2017/svcomp-Reach-32bit-Automizer_Default.epf,category=ReachSafety-Loops; subcategory=nla-digbench; subcategory_expected_true=7; subcategory_expected_false=2
reachsafety-loops-nla-digbench-nla-digbench-prodbin-ll-c-95d2051f,/home/hschi1106/sv-benchmarks/c/nla-digbench/prodbin-ll.c,/home/hschi1106/ultimate/trunk/examples/toolchains/AutomizerC.xml,/home/hschi1106/ultimate/trunk/examples/Interactive/settings/SVCOMP2017/svcomp-Reach-32bit-Automizer_Default.epf,category=ReachSafety-Loops; subcategory=nla-digbench; subcategory_expected_true=7; subcategory_expected_false=2
reachsafety-loops-nla-digbench-nla-digbench-ps4-ll-c-63f47d4d,/home/hschi1106/sv-benchmarks/c/nla-digbench/ps4-ll.c,/home/hschi1106/ultimate/trunk/examples/toolchains/AutomizerC.xml,/home/hschi1106/ultimate/trunk/examples/Interactive/settings/SVCOMP2017/svcomp-Reach-32bit-Automizer_Default.epf,category=ReachSafety-Loops; subcategory=nla-digbench; subcategory_expected_true=7; subcategory_expected_false=2
