benchmark,mode,adaptive_trigger_mode,repeat_index,stale_tracking,use_initial_bfs,threads,result,runtime_ms,checked_paths,stale_paths,duplicate_freshness_failures,total_pairwise_prefix_lca_divergence,avg_pairwise_prefix_lca_divergence,refinements,search_failed,lcps_checked_prefix_queries,lcps_stale_prefix_queries,lcps_checked_prefix_hits,lcps_stale_prefix_hits,lcps_search_invocations,lcps_full_cache_suffix_invocations,lcps_full_cache_suffix_fallbacks,lcps_effective_priority_decisions,batch_lcps_invocations,batch_lcps_available_slots_total,batch_lcps_candidates_generated,batch_lcps_candidates_selected,batch_lcps_candidate_generation_failures,batch_lcps_avg_candidate_pool_size,batch_lcps_avg_selected_batch_size,batch_lcps_effective_batch_decisions,batch_lcps_candidate_generation_time_ms,batch_lcps_selection_time_ms,adaptive_batch_trigger_mode,adaptive_batch_invocations,adaptive_batch_fallbacks,adaptive_triggered_by_duplicate,adaptive_triggered_by_stale,adaptive_triggered_by_search_failed,adaptive_triggered_by_idle_slot,adaptive_min_available_slots
k-examples-programs-20170304-DifficultPathPrograms-resultKnown-count_up_down.i_3-aa4a8d5f,PAPER,n/a,0,true,true,4,SAFE,122001,13,7,5,75.4,0.9666666666666668,10,0,0,0,0,0,0,0,0,0,0,0,0,0,0,0.0,0.0,0,0,0,NEVER_BATCH,0,0,0,0,0,0,2
k-examples-programs-20170304-DifficultPathPrograms-resultKnown-count_up_down.i_3-aa4a8d5f,PAPER,n/a,1,true,true,4,SAFE,124028,13,7,5,75.4,0.9666666666666668,10,0,0,0,0,0,0,0,0,0,0,0,0,0,0,0.0,0.0,0,0,0,NEVER_BATCH,0,0,0,0,0,0,2
k-examples-programs-20170304-DifficultPathPrograms-resultKnown-count_up_down.i_3-aa4a8d5f,PAPER,n/a,2,true,true,4,SAFE,122067,13,7,5,75.4,0.9666666666666668,10,0,0,0,0,0,0,0,0,0,0,0,0,0,0,0.0,0.0,0,0,0,NEVER_BATCH,0,0,0,0,0,0,2
k-examples-programs-20170304-DifficultPathPrograms-resultKnown-count_up_down.i_3-aa4a8d5f,PAPER,n/a,3,true,true,4,SAFE,121874,13,7,5,75.4,0.9666666666666668,10,0,0,0,0,0,0,0,0,0,0,0,0,0,0,0.0,0.0,0,0,0,NEVER_BATCH,0,0,0,0,0,0,2
k-examples-programs-20170304-DifficultPathPrograms-resultKnown-count_up_down.i_3-aa4a8d5f,PAPER,n/a,4,true,true,4,SAFE,123229,13,7,5,75.4,0.9666666666666668,10,0,0,0,0,0,0,0,0,0,0,0,0,0,0,0.0,0.0,0,0,0,NEVER_BATCH,0,0,0,0,0,0,2
k-examples-programs-20170304-DifficultPathPrograms-resultKnown-count_up_down.i_3-aa4a8d5f,PAPER,n/a,0,true,true,8,SAFE,5102,11,2,4,39.57936507936508,0.7196248196248197,4,0,0,0,0,0,0,0,0,0,0,0,0,0,0,0.0,0.0,0,0,0,NEVER_BATCH,0,0,0,0,0,0,2
k-examples-programs-20170304-DifficultPathPrograms-resultKnown-count_up_down.i_3-aa4a8d5f,PAPER,n/a,1,true,true,8,SAFE,5172,11,2,4,39.57936507936508,0.7196248196248197,4,0,0,0,0,0,0,0,0,0,0,0,0,0,0,0.0,0.0,0,0,0,NEVER_BATCH,0,0,0,0,0,0,2
k-examples-programs-20170304-DifficultPathPrograms-resultKnown-count_up_down.i_3-aa4a8d5f,PAPER,n/a,2,true,true,8,SAFE,5205,11,2,4,39.57936507936508,0.7196248196248197,4,0,0,0,0,0,0,0,0,0,0,0,0,0,0,0.0,0.0,0,0,0,NEVER_BATCH,0,0,0,0,0,0,2
k-examples-programs-20170304-DifficultPathPrograms-resultKnown-count_up_down.i_3-aa4a8d5f,PAPER,n/a,3,true,true,8,SAFE,5150,11,2,4,39.57936507936508,0.7196248196248197,4,0,0,0,0,0,0,0,0,0,0,0,0,0,0,0.0,0.0,0,0,0,NEVER_BATCH,0,0,0,0,0,0,2
k-examples-programs-20170304-DifficultPathPrograms-resultKnown-count_up_down.i_3-aa4a8d5f,PAPER,n/a,4,true,true,8,SAFE,5140,11,2,4,39.57936507936508,0.7196248196248197,4,0,0,0,0,0,0,0,0,0,0,0,0,0,0,0.0,0.0,0,0,0,NEVER_BATCH,0,0,0,0,0,0,2
k-examples-programs-20170304-DifficultPathPrograms-resultKnown-count_up_down.i_3-aa4a8d5f,PAPER,n/a,0,true,true,16,SAFE,7564,19,2,4,90.82389081506727,0.5311338644155981,4,0,0,0,0,0,0,0,0,0,0,0,0,0,0,0.0,0.0,0,0,0,NEVER_BATCH,0,0,0,0,0,0,2
k-examples-programs-20170304-DifficultPathPrograms-resultKnown-count_up_down.i_3-aa4a8d5f,PAPER,n/a,1,true,true,16,SAFE,7559,19,2,4,90.82389081506727,0.5311338644155981,4,0,0,0,0,0,0,0,0,0,0,0,0,0,0,0.0,0.0,0,0,0,NEVER_BATCH,0,0,0,0,0,0,2
k-examples-programs-20170304-DifficultPathPrograms-resultKnown-count_up_down.i_3-aa4a8d5f,PAPER,n/a,2,true,true,16,SAFE,7590,19,2,4,90.82389081506727,0.5311338644155981,4,0,0,0,0,0,0,0,0,0,0,0,0,0,0,0.0,0.0,0,0,0,NEVER_BATCH,0,0,0,0,0,0,2
k-examples-programs-20170304-DifficultPathPrograms-resultKnown-count_up_down.i_3-aa4a8d5f,PAPER,n/a,3,true,true,16,SAFE,7521,19,2,4,90.82389081506727,0.5311338644155981,4,0,0,0,0,0,0,0,0,0,0,0,0,0,0,0.0,0.0,0,0,0,NEVER_BATCH,0,0,0,0,0,0,2
k-examples-programs-20170304-DifficultPathPrograms-resultKnown-count_up_down.i_3-aa4a8d5f,PAPER,n/a,4,true,true,16,SAFE,7586,19,2,4,90.82389081506727,0.5311338644155981,4,0,0,0,0,0,0,0,0,0,0,0,0,0,0,0.0,0.0,0,0,0,NEVER_BATCH,0,0,0,0,0,0,2
k-examples-programs-20170304-DifficultPathPrograms-resultKnown-count_up_down.i_3-aa4a8d5f,BATCH_LCPS,n/a,0,true,true,4,SAFE,3025,6,1,0,12.4,0.8266666666666667,3,0,0,0,0,0,0,0,0,0,3,5,20,5,0,6.666666666666667,1.6666666666666667,3,25,1,NEVER_BATCH,0,0,0,0,0,0,2
k-examples-programs-20170304-DifficultPathPrograms-resultKnown-count_up_down.i_3-aa4a8d5f,BATCH_LCPS,n/a,1,true,true,4,SAFE,3047,6,1,0,12.4,0.8266666666666667,3,0,0,0,0,0,0,0,0,0,3,5,20,5,0,6.666666666666667,1.6666666666666667,3,26,1,NEVER_BATCH,0,0,0,0,0,0,2
k-examples-programs-20170304-DifficultPathPrograms-resultKnown-count_up_down.i_3-aa4a8d5f,BATCH_LCPS,n/a,2,true,true,4,SAFE,3281,6,1,0,12.4,0.8266666666666667,3,0,0,0,0,0,0,0,0,0,3,5,20,5,0,6.666666666666667,1.6666666666666667,3,27,1,NEVER_BATCH,0,0,0,0,0,0,2
k-examples-programs-20170304-DifficultPathPrograms-resultKnown-count_up_down.i_3-aa4a8d5f,BATCH_LCPS,n/a,3,true,true,4,SAFE,3046,6,1,0,12.4,0.8266666666666667,3,0,0,0,0,0,0,0,0,0,3,5,20,5,0,6.666666666666667,1.6666666666666667,3,25,1,NEVER_BATCH,0,0,0,0,0,0,2
k-examples-programs-20170304-DifficultPathPrograms-resultKnown-count_up_down.i_3-aa4a8d5f,BATCH_LCPS,n/a,4,true,true,4,SAFE,3037,6,1,0,12.4,0.8266666666666667,3,0,0,0,0,0,0,0,0,0,3,5,20,5,0,6.666666666666667,1.6666666666666667,3,29,1,NEVER_BATCH,0,0,0,0,0,0,2
k-examples-programs-20170304-DifficultPathPrograms-resultKnown-count_up_down.i_3-aa4a8d5f,BATCH_LCPS,n/a,0,true,true,8,SAFE,4846,10,1,0,29.579365079365083,0.6573192239858907,3,0,0,0,0,0,0,0,0,0,3,9,36,9,0,12.0,3.0,3,55,2,NEVER_BATCH,0,0,0,0,0,0,2
k-examples-programs-20170304-DifficultPathPrograms-resultKnown-count_up_down.i_3-aa4a8d5f,BATCH_LCPS,n/a,1,true,true,8,SAFE,4860,10,1,0,29.579365079365083,0.6573192239858907,3,0,0,0,0,0,0,0,0,0,3,9,36,9,0,12.0,3.0,3,57,2,NEVER_BATCH,0,0,0,0,0,0,2
k-examples-programs-20170304-DifficultPathPrograms-resultKnown-count_up_down.i_3-aa4a8d5f,BATCH_LCPS,n/a,2,true,true,8,SAFE,4846,10,1,0,29.579365079365083,0.6573192239858907,3,0,0,0,0,0,0,0,0,0,3,9,36,9,0,12.0,3.0,3,53,2,NEVER_BATCH,0,0,0,0,0,0,2
k-examples-programs-20170304-DifficultPathPrograms-resultKnown-count_up_down.i_3-aa4a8d5f,BATCH_LCPS,n/a,3,true,true,8,SAFE,4857,10,1,0,29.579365079365083,0.6573192239858907,3,0,0,0,0,0,0,0,0,0,3,9,36,9,0,12.0,3.0,3,60,2,NEVER_BATCH,0,0,0,0,0,0,2
k-examples-programs-20170304-DifficultPathPrograms-resultKnown-count_up_down.i_3-aa4a8d5f,BATCH_LCPS,n/a,4,true,true,8,SAFE,4878,10,1,0,29.579365079365083,0.6573192239858907,3,0,0,0,0,0,0,0,0,0,3,9,36,9,0,12.0,3.0,3,58,2,NEVER_BATCH,0,0,0,0,0,0,2
k-examples-programs-20170304-DifficultPathPrograms-resultKnown-count_up_down.i_3-aa4a8d5f,BATCH_LCPS,n/a,0,true,true,16,SAFE,7243,18,1,0,72.82389081506727,0.475973142582139,3,0,0,0,0,0,0,0,0,0,3,17,40,17,0,13.333333333333334,5.666666666666667,3,77,4,NEVER_BATCH,0,0,0,0,0,0,2
k-examples-programs-20170304-DifficultPathPrograms-resultKnown-count_up_down.i_3-aa4a8d5f,BATCH_LCPS,n/a,1,true,true,16,SAFE,7056,19,2,0,90.82389081506727,0.5311338644155981,4,0,0,0,0,0,0,0,0,0,4,18,44,18,0,11.0,4.5,4,87,9,NEVER_BATCH,0,0,0,0,0,0,2
k-examples-programs-20170304-DifficultPathPrograms-resultKnown-count_up_down.i_3-aa4a8d5f,BATCH_LCPS,n/a,2,true,true,16,SAFE,7008,18,1,0,72.82389081506727,0.475973142582139,3,0,0,0,0,0,0,0,0,0,3,17,40,17,0,13.333333333333334,5.666666666666667,3,69,4,NEVER_BATCH,0,0,0,0,0,0,2
k-examples-programs-20170304-DifficultPathPrograms-resultKnown-count_up_down.i_3-aa4a8d5f,BATCH_LCPS,n/a,3,true,true,16,SAFE,8746,20,3,0,109.82389081506727,0.5780204779740383,5,0,0,0,0,0,0,0,0,0,5,19,48,19,0,9.6,3.8,5,70,5,NEVER_BATCH,0,0,0,0,0,0,2
k-examples-programs-20170304-DifficultPathPrograms-resultKnown-count_up_down.i_3-aa4a8d5f,BATCH_LCPS,n/a,4,true,true,16,SAFE,8178,19,2,0,90.82389081506727,0.5311338644155981,4,0,0,0,0,0,0,0,0,0,4,18,44,18,0,11.0,4.5,4,76,5,NEVER_BATCH,0,0,0,0,0,0,2
k-examples-programs-20170304-DifficultPathPrograms-resultKnown-count_up_down.i_3-aa4a8d5f,ADAPTIVE_DUPLICATE,DUPLICATE_ONLY,0,true,true,4,SAFE,121848,13,7,5,75.4,0.9666666666666668,10,0,0,0,0,0,0,0,0,0,0,0,0,0,0,0.0,0.0,0,0,0,DUPLICATE_ONLY,0,10,0,0,0,0,2
k-examples-programs-20170304-DifficultPathPrograms-resultKnown-count_up_down.i_3-aa4a8d5f,ADAPTIVE_DUPLICATE,DUPLICATE_ONLY,1,true,true,4,SAFE,123324,13,7,5,75.4,0.9666666666666668,10,0,0,0,0,0,0,0,0,0,0,0,0,0,0,0.0,0.0,0,0,0,DUPLICATE_ONLY,0,10,0,0,0,0,2
k-examples-programs-20170304-DifficultPathPrograms-resultKnown-count_up_down.i_3-aa4a8d5f,ADAPTIVE_DUPLICATE,DUPLICATE_ONLY,2,true,true,4,SAFE,123005,13,7,5,75.4,0.9666666666666668,10,0,0,0,0,0,0,0,0,0,0,0,0,0,0,0.0,0.0,0,0,0,DUPLICATE_ONLY,0,10,0,0,0,0,2
k-examples-programs-20170304-DifficultPathPrograms-resultKnown-count_up_down.i_3-aa4a8d5f,ADAPTIVE_DUPLICATE,DUPLICATE_ONLY,3,true,true,4,SAFE,122035,13,7,5,75.4,0.9666666666666668,10,0,0,0,0,0,0,0,0,0,0,0,0,0,0,0.0,0.0,0,0,0,DUPLICATE_ONLY,0,10,0,0,0,0,2
k-examples-programs-20170304-DifficultPathPrograms-resultKnown-count_up_down.i_3-aa4a8d5f,ADAPTIVE_DUPLICATE,DUPLICATE_ONLY,4,true,true,4,SAFE,121580,13,7,5,75.4,0.9666666666666668,10,0,0,0,0,0,0,0,0,0,0,0,0,0,0,0.0,0.0,0,0,0,DUPLICATE_ONLY,0,10,0,0,0,0,2
k-examples-programs-20170304-DifficultPathPrograms-resultKnown-count_up_down.i_3-aa4a8d5f,ADAPTIVE_DUPLICATE,DUPLICATE_ONLY,0,true,true,8,SAFE,5066,11,2,4,39.57936507936508,0.7196248196248197,4,0,0,0,0,0,0,0,0,0,0,0,0,0,0,0.0,0.0,0,0,0,DUPLICATE_ONLY,0,4,0,0,0,0,2
k-examples-programs-20170304-DifficultPathPrograms-resultKnown-count_up_down.i_3-aa4a8d5f,ADAPTIVE_DUPLICATE,DUPLICATE_ONLY,1,true,true,8,SAFE,5136,11,2,4,39.57936507936508,0.7196248196248197,4,0,0,0,0,0,0,0,0,0,0,0,0,0,0,0.0,0.0,0,0,0,DUPLICATE_ONLY,0,4,0,0,0,0,2
k-examples-programs-20170304-DifficultPathPrograms-resultKnown-count_up_down.i_3-aa4a8d5f,ADAPTIVE_DUPLICATE,DUPLICATE_ONLY,2,true,true,8,SAFE,5129,11,2,4,39.57936507936508,0.7196248196248197,4,0,0,0,0,0,0,0,0,0,0,0,0,0,0,0.0,0.0,0,0,0,DUPLICATE_ONLY,0,4,0,0,0,0,2
k-examples-programs-20170304-DifficultPathPrograms-resultKnown-count_up_down.i_3-aa4a8d5f,ADAPTIVE_DUPLICATE,DUPLICATE_ONLY,3,true,true,8,SAFE,5155,11,2,4,39.57936507936508,0.7196248196248197,4,0,0,0,0,0,0,0,0,0,0,0,0,0,0,0.0,0.0,0,0,0,DUPLICATE_ONLY,0,4,0,0,0,0,2
k-examples-programs-20170304-DifficultPathPrograms-resultKnown-count_up_down.i_3-aa4a8d5f,ADAPTIVE_DUPLICATE,DUPLICATE_ONLY,4,true,true,8,SAFE,5146,11,2,4,39.57936507936508,0.7196248196248197,4,0,0,0,0,0,0,0,0,0,0,0,0,0,0,0.0,0.0,0,0,0,DUPLICATE_ONLY,0,4,0,0,0,0,2
k-examples-programs-20170304-DifficultPathPrograms-resultKnown-count_up_down.i_3-aa4a8d5f,ADAPTIVE_DUPLICATE,DUPLICATE_ONLY,0,true,true,16,SAFE,7603,19,2,4,90.82389081506727,0.5311338644155981,4,0,0,0,0,0,0,0,0,0,0,0,0,0,0,0.0,0.0,0,0,0,DUPLICATE_ONLY,0,4,0,0,0,0,2
k-examples-programs-20170304-DifficultPathPrograms-resultKnown-count_up_down.i_3-aa4a8d5f,ADAPTIVE_DUPLICATE,DUPLICATE_ONLY,1,true,true,16,SAFE,7588,19,2,4,90.82389081506727,0.5311338644155981,4,0,0,0,0,0,0,0,0,0,0,0,0,0,0,0.0,0.0,0,0,0,DUPLICATE_ONLY,0,4,0,0,0,0,2
k-examples-programs-20170304-DifficultPathPrograms-resultKnown-count_up_down.i_3-aa4a8d5f,ADAPTIVE_DUPLICATE,DUPLICATE_ONLY,2,true,true,16,SAFE,7581,19,2,4,90.82389081506727,0.5311338644155981,4,0,0,0,0,0,0,0,0,0,0,0,0,0,0,0.0,0.0,0,0,0,DUPLICATE_ONLY,0,4,0,0,0,0,2
k-examples-programs-20170304-DifficultPathPrograms-resultKnown-count_up_down.i_3-aa4a8d5f,ADAPTIVE_DUPLICATE,DUPLICATE_ONLY,3,true,true,16,SAFE,7587,19,2,4,90.82389081506727,0.5311338644155981,4,0,0,0,0,0,0,0,0,0,0,0,0,0,0,0.0,0.0,0,0,0,DUPLICATE_ONLY,0,4,0,0,0,0,2
k-examples-programs-20170304-DifficultPathPrograms-resultKnown-count_up_down.i_3-aa4a8d5f,ADAPTIVE_DUPLICATE,DUPLICATE_ONLY,4,true,true,16,SAFE,7605,19,2,4,90.82389081506727,0.5311338644155981,4,0,0,0,0,0,0,0,0,0,0,0,0,0,0,0.0,0.0,0,0,0,DUPLICATE_ONLY,0,4,0,0,0,0,2
k-examples-programs-20170304-DifficultPathPrograms-resultKnown-count_up_down.i_3-aa4a8d5f,ADAPTIVE_STALE,STALE_ONLY,0,true,true,4,SAFE,121870,13,7,5,75.4,0.9666666666666668,10,0,0,0,0,0,0,0,0,0,0,0,0,0,0,0.0,0.0,0,0,0,STALE_ONLY,0,10,0,0,0,0,2
k-examples-programs-20170304-DifficultPathPrograms-resultKnown-count_up_down.i_3-aa4a8d5f,ADAPTIVE_STALE,STALE_ONLY,1,true,true,4,SAFE,123973,13,7,5,75.4,0.9666666666666668,10,0,0,0,0,0,0,0,0,0,0,0,0,0,0,0.0,0.0,0,0,0,STALE_ONLY,0,10,0,0,0,0,2
k-examples-programs-20170304-DifficultPathPrograms-resultKnown-count_up_down.i_3-aa4a8d5f,ADAPTIVE_STALE,STALE_ONLY,2,true,true,4,SAFE,121676,13,7,5,75.4,0.9666666666666668,10,0,0,0,0,0,0,0,0,0,0,0,0,0,0,0.0,0.0,0,0,0,STALE_ONLY,0,10,0,0,0,0,2
k-examples-programs-20170304-DifficultPathPrograms-resultKnown-count_up_down.i_3-aa4a8d5f,ADAPTIVE_STALE,STALE_ONLY,3,true,true,4,SAFE,122525,13,7,5,75.4,0.9666666666666668,10,0,0,0,0,0,0,0,0,0,0,0,0,0,0,0.0,0.0,0,0,0,STALE_ONLY,0,10,0,0,0,0,2
k-examples-programs-20170304-DifficultPathPrograms-resultKnown-count_up_down.i_3-aa4a8d5f,ADAPTIVE_STALE,STALE_ONLY,4,true,true,4,SAFE,122020,13,7,5,75.4,0.9666666666666668,10,0,0,0,0,0,0,0,0,0,0,0,0,0,0,0.0,0.0,0,0,0,STALE_ONLY,0,10,0,0,0,0,2
k-examples-programs-20170304-DifficultPathPrograms-resultKnown-count_up_down.i_3-aa4a8d5f,ADAPTIVE_STALE,STALE_ONLY,0,true,true,8,SAFE,5160,11,2,4,39.57936507936508,0.7196248196248197,4,0,0,0,0,0,0,0,0,0,0,0,0,0,0,0.0,0.0,0,0,0,STALE_ONLY,0,4,0,0,0,0,2
k-examples-programs-20170304-DifficultPathPrograms-resultKnown-count_up_down.i_3-aa4a8d5f,ADAPTIVE_STALE,STALE_ONLY,1,true,true,8,SAFE,5167,11,2,4,39.57936507936508,0.7196248196248197,4,0,0,0,0,0,0,0,0,0,0,0,0,0,0,0.0,0.0,0,0,0,STALE_ONLY,0,4,0,0,0,0,2
k-examples-programs-20170304-DifficultPathPrograms-resultKnown-count_up_down.i_3-aa4a8d5f,ADAPTIVE_STALE,STALE_ONLY,2,true,true,8,SAFE,5144,11,2,4,39.57936507936508,0.7196248196248197,4,0,0,0,0,0,0,0,0,0,0,0,0,0,0,0.0,0.0,0,0,0,STALE_ONLY,0,4,0,0,0,0,2
k-examples-programs-20170304-DifficultPathPrograms-resultKnown-count_up_down.i_3-aa4a8d5f,ADAPTIVE_STALE,STALE_ONLY,3,true,true,8,SAFE,5162,11,2,4,39.57936507936508,0.7196248196248197,4,0,0,0,0,0,0,0,0,0,0,0,0,0,0,0.0,0.0,0,0,0,STALE_ONLY,0,4,0,0,0,0,2
k-examples-programs-20170304-DifficultPathPrograms-resultKnown-count_up_down.i_3-aa4a8d5f,ADAPTIVE_STALE,STALE_ONLY,4,true,true,8,SAFE,5177,11,2,4,39.57936507936508,0.7196248196248197,4,0,0,0,0,0,0,0,0,0,0,0,0,0,0,0.0,0.0,0,0,0,STALE_ONLY,0,4,0,0,0,0,2
k-examples-programs-20170304-DifficultPathPrograms-resultKnown-count_up_down.i_3-aa4a8d5f,ADAPTIVE_STALE,STALE_ONLY,0,true,true,16,SAFE,7562,19,2,4,90.82389081506727,0.5311338644155981,4,0,0,0,0,0,0,0,0,0,0,0,0,0,0,0.0,0.0,0,0,0,STALE_ONLY,0,4,0,0,0,0,2
k-examples-programs-20170304-DifficultPathPrograms-resultKnown-count_up_down.i_3-aa4a8d5f,ADAPTIVE_STALE,STALE_ONLY,1,true,true,16,SAFE,7600,19,2,4,90.82389081506727,0.5311338644155981,4,0,0,0,0,0,0,0,0,0,0,0,0,0,0,0.0,0.0,0,0,0,STALE_ONLY,0,4,0,0,0,0,2
k-examples-programs-20170304-DifficultPathPrograms-resultKnown-count_up_down.i_3-aa4a8d5f,ADAPTIVE_STALE,STALE_ONLY,2,true,true,16,SAFE,7585,19,2,4,90.82389081506727,0.5311338644155981,4,0,0,0,0,0,0,0,0,0,0,0,0,0,0,0.0,0.0,0,0,0,STALE_ONLY,0,4,0,0,0,0,2
k-examples-programs-20170304-DifficultPathPrograms-resultKnown-count_up_down.i_3-aa4a8d5f,ADAPTIVE_STALE,STALE_ONLY,3,true,true,16,SAFE,7590,19,2,4,90.82389081506727,0.5311338644155981,4,0,0,0,0,0,0,0,0,0,0,0,0,0,0,0.0,0.0,0,0,0,STALE_ONLY,0,4,0,0,0,0,2
k-examples-programs-20170304-DifficultPathPrograms-resultKnown-count_up_down.i_3-aa4a8d5f,ADAPTIVE_STALE,STALE_ONLY,4,true,true,16,SAFE,7561,19,2,4,90.82389081506727,0.5311338644155981,4,0,0,0,0,0,0,0,0,0,0,0,0,0,0,0.0,0.0,0,0,0,STALE_ONLY,0,4,0,0,0,0,2
k-examples-programs-20170304-DifficultPathPrograms-resultKnown-count_up_down.i_3-aa4a8d5f,ADAPTIVE_SEARCH_FAILED,SEARCH_FAILED_ONLY,0,true,true,4,SAFE,122375,13,7,5,75.4,0.9666666666666668,10,0,0,0,0,0,0,0,0,0,0,0,0,0,0,0.0,0.0,0,0,0,SEARCH_FAILED_ONLY,0,10,0,0,0,0,2
k-examples-programs-20170304-DifficultPathPrograms-resultKnown-count_up_down.i_3-aa4a8d5f,ADAPTIVE_SEARCH_FAILED,SEARCH_FAILED_ONLY,1,true,true,4,SAFE,121862,13,7,5,75.4,0.9666666666666668,10,0,0,0,0,0,0,0,0,0,0,0,0,0,0,0.0,0.0,0,0,0,SEARCH_FAILED_ONLY,0,10,0,0,0,0,2
k-examples-programs-20170304-DifficultPathPrograms-resultKnown-count_up_down.i_3-aa4a8d5f,ADAPTIVE_SEARCH_FAILED,SEARCH_FAILED_ONLY,2,true,true,4,SAFE,122083,13,7,5,75.4,0.9666666666666668,10,0,0,0,0,0,0,0,0,0,0,0,0,0,0,0.0,0.0,0,0,0,SEARCH_FAILED_ONLY,0,10,0,0,0,0,2
k-examples-programs-20170304-DifficultPathPrograms-resultKnown-count_up_down.i_3-aa4a8d5f,ADAPTIVE_SEARCH_FAILED,SEARCH_FAILED_ONLY,3,true,true,4,SAFE,121835,13,7,5,75.4,0.9666666666666668,10,0,0,0,0,0,0,0,0,0,0,0,0,0,0,0.0,0.0,0,0,0,SEARCH_FAILED_ONLY,0,10,0,0,0,0,2
k-examples-programs-20170304-DifficultPathPrograms-resultKnown-count_up_down.i_3-aa4a8d5f,ADAPTIVE_SEARCH_FAILED,SEARCH_FAILED_ONLY,4,true,true,4,SAFE,122918,13,7,5,75.4,0.9666666666666668,10,0,0,0,0,0,0,0,0,0,0,0,0,0,0,0.0,0.0,0,0,0,SEARCH_FAILED_ONLY,0,10,0,0,0,0,2
k-examples-programs-20170304-DifficultPathPrograms-resultKnown-count_up_down.i_3-aa4a8d5f,ADAPTIVE_SEARCH_FAILED,SEARCH_FAILED_ONLY,0,true,true,8,SAFE,5096,11,2,4,39.57936507936508,0.7196248196248197,4,0,0,0,0,0,0,0,0,0,0,0,0,0,0,0.0,0.0,0,0,0,SEARCH_FAILED_ONLY,0,4,0,0,0,0,2
k-examples-programs-20170304-DifficultPathPrograms-resultKnown-count_up_down.i_3-aa4a8d5f,ADAPTIVE_SEARCH_FAILED,SEARCH_FAILED_ONLY,1,true,true,8,SAFE,5183,11,2,4,39.57936507936508,0.7196248196248197,4,0,0,0,0,0,0,0,0,0,0,0,0,0,0,0.0,0.0,0,0,0,SEARCH_FAILED_ONLY,0,4,0,0,0,0,2
k-examples-programs-20170304-DifficultPathPrograms-resultKnown-count_up_down.i_3-aa4a8d5f,ADAPTIVE_SEARCH_FAILED,SEARCH_FAILED_ONLY,2,true,true,8,SAFE,5119,11,2,4,39.57936507936508,0.7196248196248197,4,0,0,0,0,0,0,0,0,0,0,0,0,0,0,0.0,0.0,0,0,0,SEARCH_FAILED_ONLY,0,4,0,0,0,0,2
k-examples-programs-20170304-DifficultPathPrograms-resultKnown-count_up_down.i_3-aa4a8d5f,ADAPTIVE_SEARCH_FAILED,SEARCH_FAILED_ONLY,3,true,true,8,SAFE,5160,11,2,4,39.57936507936508,0.7196248196248197,4,0,0,0,0,0,0,0,0,0,0,0,0,0,0,0.0,0.0,0,0,0,SEARCH_FAILED_ONLY,0,4,0,0,0,0,2
k-examples-programs-20170304-DifficultPathPrograms-resultKnown-count_up_down.i_3-aa4a8d5f,ADAPTIVE_SEARCH_FAILED,SEARCH_FAILED_ONLY,4,true,true,8,SAFE,5092,11,2,4,39.57936507936508,0.7196248196248197,4,0,0,0,0,0,0,0,0,0,0,0,0,0,0,0.0,0.0,0,0,0,SEARCH_FAILED_ONLY,0,4,0,0,0,0,2
k-examples-programs-20170304-DifficultPathPrograms-resultKnown-count_up_down.i_3-aa4a8d5f,ADAPTIVE_SEARCH_FAILED,SEARCH_FAILED_ONLY,0,true,true,16,SAFE,7639,19,2,4,90.82389081506727,0.5311338644155981,4,0,0,0,0,0,0,0,0,0,0,0,0,0,0,0.0,0.0,0,0,0,SEARCH_FAILED_ONLY,0,4,0,0,0,0,2
k-examples-programs-20170304-DifficultPathPrograms-resultKnown-count_up_down.i_3-aa4a8d5f,ADAPTIVE_SEARCH_FAILED,SEARCH_FAILED_ONLY,1,true,true,16,SAFE,7809,19,2,4,90.82389081506727,0.5311338644155981,4,0,0,0,0,0,0,0,0,0,0,0,0,0,0,0.0,0.0,0,0,0,SEARCH_FAILED_ONLY,0,4,0,0,0,0,2
k-examples-programs-20170304-DifficultPathPrograms-resultKnown-count_up_down.i_3-aa4a8d5f,ADAPTIVE_SEARCH_FAILED,SEARCH_FAILED_ONLY,2,true,true,16,SAFE,7565,19,2,4,90.82389081506727,0.5311338644155981,4,0,0,0,0,0,0,0,0,0,0,0,0,0,0,0.0,0.0,0,0,0,SEARCH_FAILED_ONLY,0,4,0,0,0,0,2
k-examples-programs-20170304-DifficultPathPrograms-resultKnown-count_up_down.i_3-aa4a8d5f,ADAPTIVE_SEARCH_FAILED,SEARCH_FAILED_ONLY,3,true,true,16,SAFE,7817,19,2,4,90.82389081506727,0.5311338644155981,4,0,0,0,0,0,0,0,0,0,0,0,0,0,0,0.0,0.0,0,0,0,SEARCH_FAILED_ONLY,0,4,0,0,0,0,2
k-examples-programs-20170304-DifficultPathPrograms-resultKnown-count_up_down.i_3-aa4a8d5f,ADAPTIVE_SEARCH_FAILED,SEARCH_FAILED_ONLY,4,true,true,16,SAFE,7756,19,2,4,90.82389081506727,0.5311338644155981,4,0,0,0,0,0,0,0,0,0,0,0,0,0,0,0.0,0.0,0,0,0,SEARCH_FAILED_ONLY,0,4,0,0,0,0,2
k-examples-programs-20170304-DifficultPathPrograms-resultKnown-count_up_down.i_3-aa4a8d5f,ADAPTIVE_IDLE,IDLE_SLOT_ONLY,0,true,true,4,SAFE,121838,13,7,5,75.4,0.9666666666666668,10,0,0,0,0,0,0,0,0,0,0,0,0,0,0,0.0,0.0,0,0,0,IDLE_SLOT_ONLY,0,10,0,0,0,0,2
k-examples-programs-20170304-DifficultPathPrograms-resultKnown-count_up_down.i_3-aa4a8d5f,ADAPTIVE_IDLE,IDLE_SLOT_ONLY,1,true,true,4,SAFE,121977,13,7,5,75.4,0.9666666666666668,10,0,0,0,0,0,0,0,0,0,0,0,0,0,0,0.0,0.0,0,0,0,IDLE_SLOT_ONLY,0,10,0,0,0,0,2
k-examples-programs-20170304-DifficultPathPrograms-resultKnown-count_up_down.i_3-aa4a8d5f,ADAPTIVE_IDLE,IDLE_SLOT_ONLY,2,true,true,4,SAFE,123263,13,7,5,75.4,0.9666666666666668,10,0,0,0,0,0,0,0,0,0,0,0,0,0,0,0.0,0.0,0,0,0,IDLE_SLOT_ONLY,0,10,0,0,0,0,2
k-examples-programs-20170304-DifficultPathPrograms-resultKnown-count_up_down.i_3-aa4a8d5f,ADAPTIVE_IDLE,IDLE_SLOT_ONLY,3,true,true,4,SAFE,121547,13,7,5,75.4,0.9666666666666668,10,0,0,0,0,0,0,0,0,0,0,0,0,0,0,0.0,0.0,0,0,0,IDLE_SLOT_ONLY,0,10,0,0,0,0,2
k-examples-programs-20170304-DifficultPathPrograms-resultKnown-count_up_down.i_3-aa4a8d5f,ADAPTIVE_IDLE,IDLE_SLOT_ONLY,4,true,true,4,SAFE,122084,13,7,5,75.4,0.9666666666666668,10,0,0,0,0,0,0,0,0,0,0,0,0,0,0,0.0,0.0,0,0,0,IDLE_SLOT_ONLY,0,10,0,0,0,0,2
k-examples-programs-20170304-DifficultPathPrograms-resultKnown-count_up_down.i_3-aa4a8d5f,ADAPTIVE_IDLE,IDLE_SLOT_ONLY,0,true,true,8,SAFE,5123,11,2,4,39.57936507936508,0.7196248196248197,4,0,0,0,0,0,0,0,0,0,0,0,0,0,0,0.0,0.0,0,0,0,IDLE_SLOT_ONLY,0,4,0,0,0,0,2
k-examples-programs-20170304-DifficultPathPrograms-resultKnown-count_up_down.i_3-aa4a8d5f,ADAPTIVE_IDLE,IDLE_SLOT_ONLY,1,true,true,8,SAFE,5100,11,2,4,39.57936507936508,0.7196248196248197,4,0,0,0,0,0,0,0,0,0,0,0,0,0,0,0.0,0.0,0,0,0,IDLE_SLOT_ONLY,0,4,0,0,0,0,2
k-examples-programs-20170304-DifficultPathPrograms-resultKnown-count_up_down.i_3-aa4a8d5f,ADAPTIVE_IDLE,IDLE_SLOT_ONLY,2,true,true,8,SAFE,5190,11,2,4,39.57936507936508,0.7196248196248197,4,0,0,0,0,0,0,0,0,0,0,0,0,0,0,0.0,0.0,0,0,0,IDLE_SLOT_ONLY,0,4,0,0,0,0,2
k-examples-programs-20170304-DifficultPathPrograms-resultKnown-count_up_down.i_3-aa4a8d5f,ADAPTIVE_IDLE,IDLE_SLOT_ONLY,3,true,true,8,SAFE,5168,11,2,4,39.57936507936508,0.7196248196248197,4,0,0,0,0,0,0,0,0,0,0,0,0,0,0,0.0,0.0,0,0,0,IDLE_SLOT_ONLY,0,4,0,0,0,0,2
k-examples-programs-20170304-DifficultPathPrograms-resultKnown-count_up_down.i_3-aa4a8d5f,ADAPTIVE_IDLE,IDLE_SLOT_ONLY,4,true,true,8,SAFE,5092,11,2,4,39.57936507936508,0.7196248196248197,4,0,0,0,0,0,0,0,0,0,0,0,0,0,0,0.0,0.0,0,0,0,IDLE_SLOT_ONLY,0,4,0,0,0,0,2
k-examples-programs-20170304-DifficultPathPrograms-resultKnown-count_up_down.i_3-aa4a8d5f,ADAPTIVE_IDLE,IDLE_SLOT_ONLY,0,true,true,16,SAFE,7589,19,2,4,90.82389081506727,0.5311338644155981,4,0,0,0,0,0,0,0,0,0,0,0,0,0,0,0.0,0.0,0,0,0,IDLE_SLOT_ONLY,0,4,0,0,0,0,2
k-examples-programs-20170304-DifficultPathPrograms-resultKnown-count_up_down.i_3-aa4a8d5f,ADAPTIVE_IDLE,IDLE_SLOT_ONLY,1,true,true,16,SAFE,7602,19,2,4,90.82389081506727,0.5311338644155981,4,0,0,0,0,0,0,0,0,0,0,0,0,0,0,0.0,0.0,0,0,0,IDLE_SLOT_ONLY,0,4,0,0,0,0,2
k-examples-programs-20170304-DifficultPathPrograms-resultKnown-count_up_down.i_3-aa4a8d5f,ADAPTIVE_IDLE,IDLE_SLOT_ONLY,2,true,true,16,SAFE,7595,19,2,4,90.82389081506727,0.5311338644155981,4,0,0,0,0,0,0,0,0,0,0,0,0,0,0,0.0,0.0,0,0,0,IDLE_SLOT_ONLY,0,4,0,0,0,0,2
k-examples-programs-20170304-DifficultPathPrograms-resultKnown-count_up_down.i_3-aa4a8d5f,ADAPTIVE_IDLE,IDLE_SLOT_ONLY,3,true,true,16,SAFE,7564,19,2,4,90.82389081506727,0.5311338644155981,4,0,0,0,0,0,0,0,0,0,0,0,0,0,0,0.0,0.0,0,0,0,IDLE_SLOT_ONLY,0,4,0,0,0,0,2
k-examples-programs-20170304-DifficultPathPrograms-resultKnown-count_up_down.i_3-aa4a8d5f,ADAPTIVE_IDLE,IDLE_SLOT_ONLY,4,true,true,16,SAFE,7561,19,2,4,90.82389081506727,0.5311338644155981,4,0,0,0,0,0,0,0,0,0,0,0,0,0,0,0.0,0.0,0,0,0,IDLE_SLOT_ONLY,0,4,0,0,0,0,2
