benchmark,mode,stale_tracking,use_initial_bfs,threads,result,runtime_ms,checked_paths,stale_paths,duplicate_freshness_failures,total_pairwise_prefix_lca_divergence,avg_pairwise_prefix_lca_divergence,refinements,search_failed,lcps_checked_prefix_queries,lcps_stale_prefix_queries,lcps_checked_prefix_hits,lcps_stale_prefix_hits,lcps_search_invocations,lcps_full_cache_suffix_invocations,lcps_full_cache_suffix_fallbacks,lcps_effective_priority_decisions,batch_lcps_invocations,batch_lcps_available_slots_total,batch_lcps_candidates_generated,batch_lcps_candidates_selected,batch_lcps_candidate_generation_failures,batch_lcps_avg_candidate_pool_size,batch_lcps_avg_selected_batch_size,batch_lcps_effective_batch_decisions
trunk-examples-programs-20170304-DifficultPathPrograms-resultKnown-eureka_05.i_5-4aad16a8,PAPER,true,true,4,SAFE,4043,14,6,4,88.05537518037518,0.9676414854986284,11,0,0,0,0,0,0,0,0,0,0,0,0,0,0,0.0,0.0,0
trunk-examples-programs-20170304-DifficultPathPrograms-resultKnown-eureka_05.i_5-4aad16a8,PAPER,true,true,8,SAFE,4847,19,7,2,148.64898434898433,0.8692923061344113,12,0,0,0,0,0,0,0,0,0,0,0,0,0,0,0.0,0.0,0
trunk-examples-programs-20170304-DifficultPathPrograms-resultKnown-eureka_05.i_5-4aad16a8,PAPER,true,true,16,SAFE,7799,38,20,2,618.0238592290066,0.8791235550910478,23,0,0,0,0,0,0,0,0,0,0,0,0,0,0,0.0,0.0,0
trunk-examples-programs-20170304-DifficultPathPrograms-resultKnown-eureka_05.i_5-4aad16a8,LCPS,true,true,4,SAFE,4237,14,6,3,87.53373015873017,0.9619091226234084,11,0,57,57,43,16,9,0,0,1,0,0,0,0,0,0.0,0.0,0
trunk-examples-programs-20170304-DifficultPathPrograms-resultKnown-eureka_05.i_5-4aad16a8,LCPS,true,true,8,SAFE,4854,18,7,3,147.1035298035298,0.9614609791080378,12,0,141,141,115,34,16,0,0,6,0,0,0,0,0,0.0,0.0,0
trunk-examples-programs-20170304-DifficultPathPrograms-resultKnown-eureka_05.i_5-4aad16a8,LCPS,true,true,16,SAFE,7803,37,20,4,586.6008200133201,0.8807820120320122,23,0,365,365,315,87,34,0,0,15,0,0,0,0,0,0.0,0.0,0
trunk-examples-programs-20170304-DifficultPathPrograms-resultKnown-eureka_05.i_5-4aad16a8,BATCH_LCPS,true,true,4,SAFE,3817,15,7,0,102.07698412698413,0.9721617535903251,12,0,0,0,0,0,0,0,0,0,10,14,56,14,0,5.6,1.4,7
trunk-examples-programs-20170304-DifficultPathPrograms-resultKnown-eureka_05.i_5-4aad16a8,BATCH_LCPS,true,true,8,SAFE,5247,23,13,0,239.33196248196245,0.9459761362923417,16,0,0,0,0,0,0,0,0,0,9,22,88,22,0,9.777777777777779,2.4444444444444446,9
trunk-examples-programs-20170304-DifficultPathPrograms-resultKnown-eureka_05.i_5-4aad16a8,BATCH_LCPS,true,true,16,SAFE,9675,42,26,0,836.28658008658,0.971296840983252,29,0,0,0,0,0,0,0,0,0,12,42,124,42,0,10.333333333333334,3.5,11
k-examples-programs-20170304-DifficultPathPrograms-resultKnown-invert_string.i_4-75f9c6bb,PAPER,true,true,4,SAFE,4052,14,3,9,88.93333333333334,0.9772893772893774,11,0,0,0,0,0,0,0,0,0,0,0,0,0,0,0.0,0.0,0
k-examples-programs-20170304-DifficultPathPrograms-resultKnown-invert_string.i_4-75f9c6bb,PAPER,true,true,8,SAFE,5962,23,11,11,237.9718253968254,0.9406001003827091,16,0,0,0,0,0,0,0,0,0,0,0,0,0,0,0.0,0.0,0
k-examples-programs-20170304-DifficultPathPrograms-resultKnown-invert_string.i_4-75f9c6bb,PAPER,true,true,16,SAFE,8731,35,15,11,538.8023809523811,0.9055502200880354,20,0,0,0,0,0,0,0,0,0,0,0,0,0,0,0.0,0.0,0
k-examples-programs-20170304-DifficultPathPrograms-resultKnown-invert_string.i_4-75f9c6bb,LCPS,true,true,4,SAFE,4260,14,5,7,88.28333333333333,0.9701465201465201,11,0,90,90,76,43,12,0,0,1,0,0,0,0,0,0.0,0.0,0
k-examples-programs-20170304-DifficultPathPrograms-resultKnown-invert_string.i_4-75f9c6bb,LCPS,true,true,8,SAFE,6002,22,10,10,215.97182539682538,0.9349429670858241,15,0,198,198,161,65,21,0,0,9,0,0,0,0,0,0.0,0.0,0
k-examples-programs-20170304-DifficultPathPrograms-resultKnown-invert_string.i_4-75f9c6bb,LCPS,true,true,16,SAFE,8908,35,15,10,538.1335497835498,0.9044261340899997,20,0,495,495,431,107,34,0,0,10,0,0,0,0,0,0.0,0.0,0
k-examples-programs-20170304-DifficultPathPrograms-resultKnown-invert_string.i_4-75f9c6bb,BATCH_LCPS,true,true,4,SAFE,3875,11,4,0,51.7,0.9400000000000001,8,0,0,0,0,0,0,0,0,0,6,10,40,10,0,6.666666666666667,1.6666666666666667,4
k-examples-programs-20170304-DifficultPathPrograms-resultKnown-invert_string.i_4-75f9c6bb,BATCH_LCPS,true,true,8,SAFE,6211,26,11,0,307.673717948718,0.9466883629191323,19,0,0,0,0,0,0,0,0,0,12,25,100,25,0,8.333333333333334,2.0833333333333335,12
k-examples-programs-20170304-DifficultPathPrograms-resultKnown-invert_string.i_4-75f9c6bb,BATCH_LCPS,true,true,16,SAFE,9938,37,17,0,610.1002525252524,0.9160664452331116,22,0,0,0,0,0,0,0,0,0,10,36,112,36,0,11.2,3.6,10
examples-programs-20170304-DifficultPathPrograms-resultKnown-interleave_bits.i_3-2d793c20,PAPER,true,true,4,UNKNOWN,4274,11,5,5,52.4,0.9527272727272728,7,0,0,0,0,0,0,0,0,0,0,0,0,0,0,0.0,0.0,0
examples-programs-20170304-DifficultPathPrograms-resultKnown-interleave_bits.i_3-2d793c20,PAPER,true,true,8,UNKNOWN,6116,15,5,8,89.57936507936509,0.8531368102796675,7,0,0,0,0,0,0,0,0,0,0,0,0,0,0,0.0,0.0,0
examples-programs-20170304-DifficultPathPrograms-resultKnown-interleave_bits.i_3-2d793c20,PAPER,true,true,16,UNKNOWN,5198,16,0,1,39.82389081506727,0.3318657567922273,0,0,0,0,0,0,0,0,0,0,0,0,0,0,0,0.0,0.0,0
examples-programs-20170304-DifficultPathPrograms-resultKnown-interleave_bits.i_3-2d793c20,LCPS,true,true,4,UNKNOWN,4287,11,5,5,52.4,0.9527272727272728,7,0,58,58,45,8,7,0,0,1,0,0,0,0,0,0.0,0.0,0
examples-programs-20170304-DifficultPathPrograms-resultKnown-interleave_bits.i_3-2d793c20,LCPS,true,true,8,UNKNOWN,6128,15,5,8,89.57936507936509,0.8531368102796675,7,0,227,227,189,25,14,0,0,1,0,0,0,0,0,0.0,0.0,0
examples-programs-20170304-DifficultPathPrograms-resultKnown-interleave_bits.i_3-2d793c20,LCPS,true,true,16,UNKNOWN,5015,16,0,1,39.82389081506727,0.3318657567922273,0,0,463,463,340,0,15,0,0,1,0,0,0,0,0,0.0,0.0,0
examples-programs-20170304-DifficultPathPrograms-resultKnown-interleave_bits.i_3-2d793c20,BATCH_LCPS,true,true,4,UNKNOWN,4757,12,6,0,63.4,0.9606060606060606,8,0,0,0,0,0,0,0,0,0,9,11,44,11,0,4.888888888888889,1.2222222222222223,3
examples-programs-20170304-DifficultPathPrograms-resultKnown-interleave_bits.i_3-2d793c20,BATCH_LCPS,true,true,8,UNKNOWN,6175,16,6,0,104.57936507936509,0.871494708994709,8,0,0,0,0,0,0,0,0,0,9,15,60,15,0,6.666666666666667,1.6666666666666667,7
examples-programs-20170304-DifficultPathPrograms-resultKnown-interleave_bits.i_3-2d793c20,BATCH_LCPS,true,true,16,UNKNOWN,5634,17,0,0,55.82389081506727,0.4104697854049064,1,0,0,0,0,0,0,0,0,0,2,16,36,16,0,18.0,8.0,2
trunk-examples-programs-20170304-DifficultPathPrograms-resultKnown-diamond2.i_4-22ecac6d,PAPER,true,true,4,SAFE,4083,9,2,5,33.4,0.9277777777777777,6,0,0,0,0,0,0,0,0,0,0,0,0,0,0,0.0,0.0,0
trunk-examples-programs-20170304-DifficultPathPrograms-resultKnown-diamond2.i_4-22ecac6d,PAPER,true,true,8,SAFE,5274,14,5,7,75.57936507936509,0.8305424733996164,7,0,0,0,0,0,0,0,0,0,0,0,0,0,0,0.0,0.0,0
trunk-examples-programs-20170304-DifficultPathPrograms-resultKnown-diamond2.i_4-22ecac6d,PAPER,true,true,16,SAFE,8502,22,5,7,150.82389081506727,0.6529172762557025,7,0,0,0,0,0,0,0,0,0,0,0,0,0,0,0.0,0.0,0
trunk-examples-programs-20170304-DifficultPathPrograms-resultKnown-diamond2.i_4-22ecac6d,LCPS,true,true,4,SAFE,4075,9,2,5,33.4,0.9277777777777777,6,0,59,59,44,4,7,0,0,1,0,0,0,0,0,0.0,0.0,0
trunk-examples-programs-20170304-DifficultPathPrograms-resultKnown-diamond2.i_4-22ecac6d,LCPS,true,true,8,SAFE,5305,14,5,7,75.57936507936509,0.8305424733996164,7,0,223,223,184,20,13,0,0,1,0,0,0,0,0,0.0,0.0,0
trunk-examples-programs-20170304-DifficultPathPrograms-resultKnown-diamond2.i_4-22ecac6d,LCPS,true,true,16,SAFE,8909,22,5,7,150.82389081506727,0.6529172762557025,7,0,700,700,569,19,21,0,0,1,0,0,0,0,0,0.0,0.0,0
trunk-examples-programs-20170304-DifficultPathPrograms-resultKnown-diamond2.i_4-22ecac6d,BATCH_LCPS,true,true,4,SAFE,4295,10,4,0,42.4,0.9422222222222222,8,1,0,0,0,0,0,0,0,0,8,10,36,9,1,4.5,1.125,6
trunk-examples-programs-20170304-DifficultPathPrograms-resultKnown-diamond2.i_4-22ecac6d,BATCH_LCPS,true,true,8,SAFE,5955,14,4,0,75.57936507936509,0.8305424733996164,8,1,0,0,0,0,0,0,0,0,8,14,52,13,1,6.5,1.625,7
trunk-examples-programs-20170304-DifficultPathPrograms-resultKnown-diamond2.i_4-22ecac6d,BATCH_LCPS,true,true,16,SAFE,9413,22,8,0,150.82389081506727,0.6529172762557025,12,5,0,0,0,0,0,0,0,0,12,36,56,21,5,4.666666666666667,1.75,7
k-examples-programs-20170304-DifficultPathPrograms-resultKnown-count_up_down.i_3-aa4a8d5f,PAPER,true,true,4,SAFE,122581,13,7,5,75.4,0.9666666666666668,10,0,0,0,0,0,0,0,0,0,0,0,0,0,0,0.0,0.0,0
k-examples-programs-20170304-DifficultPathPrograms-resultKnown-count_up_down.i_3-aa4a8d5f,PAPER,true,true,8,SAFE,5083,11,2,4,39.57936507936508,0.7196248196248197,4,0,0,0,0,0,0,0,0,0,0,0,0,0,0,0.0,0.0,0
k-examples-programs-20170304-DifficultPathPrograms-resultKnown-count_up_down.i_3-aa4a8d5f,PAPER,true,true,16,SAFE,7615,19,2,4,90.82389081506727,0.5311338644155981,4,0,0,0,0,0,0,0,0,0,0,0,0,0,0,0.0,0.0,0
k-examples-programs-20170304-DifficultPathPrograms-resultKnown-count_up_down.i_3-aa4a8d5f,LCPS,true,true,4,SAFE,122682,13,7,5,75.4,0.9666666666666668,10,0,58,58,45,8,7,0,0,1,0,0,0,0,0,0.0,0.0,0
k-examples-programs-20170304-DifficultPathPrograms-resultKnown-count_up_down.i_3-aa4a8d5f,LCPS,true,true,8,SAFE,5158,11,2,4,39.57936507936508,0.7196248196248197,4,0,162,162,128,3,10,0,0,1,0,0,0,0,0,0.0,0.0,0
k-examples-programs-20170304-DifficultPathPrograms-resultKnown-count_up_down.i_3-aa4a8d5f,LCPS,true,true,16,SAFE,7599,19,2,4,90.82389081506727,0.5311338644155981,4,0,594,594,468,3,18,0,0,1,0,0,0,0,0,0.0,0.0,0
k-examples-programs-20170304-DifficultPathPrograms-resultKnown-count_up_down.i_3-aa4a8d5f,BATCH_LCPS,true,true,4,SAFE,3060,6,1,0,12.4,0.8266666666666667,3,0,0,0,0,0,0,0,0,0,3,5,20,5,0,6.666666666666667,1.6666666666666667,3
k-examples-programs-20170304-DifficultPathPrograms-resultKnown-count_up_down.i_3-aa4a8d5f,BATCH_LCPS,true,true,8,SAFE,4815,10,1,0,29.579365079365083,0.6573192239858907,3,0,0,0,0,0,0,0,0,0,3,9,36,9,0,12.0,3.0,3
k-examples-programs-20170304-DifficultPathPrograms-resultKnown-count_up_down.i_3-aa4a8d5f,BATCH_LCPS,true,true,16,SAFE,7228,18,1,0,72.82389081506727,0.475973142582139,3,0,0,0,0,0,0,0,0,0,3,17,40,17,0,13.333333333333334,5.666666666666667,3
trunk-examples-programs-20170304-DifficultPathPrograms-resultKnown-gauss_sum.i_3-f2583875,PAPER,true,true,4,SAFE,3455,7,1,3,18.4,0.8761904761904761,4,0,0,0,0,0,0,0,0,0,0,0,0,0,0,0.0,0.0,0
trunk-examples-programs-20170304-DifficultPathPrograms-resultKnown-gauss_sum.i_3-f2583875,PAPER,true,true,8,SAFE,5168,11,1,4,39.57936507936508,0.7196248196248197,4,0,0,0,0,0,0,0,0,0,0,0,0,0,0,0.0,0.0,0
trunk-examples-programs-20170304-DifficultPathPrograms-resultKnown-gauss_sum.i_3-f2583875,PAPER,true,true,16,SAFE,8597,19,1,4,90.82389081506727,0.5311338644155981,4,0,0,0,0,0,0,0,0,0,0,0,0,0,0,0.0,0.0,0
trunk-examples-programs-20170304-DifficultPathPrograms-resultKnown-gauss_sum.i_3-f2583875,LCPS,true,true,4,SAFE,3481,7,1,3,18.4,0.8761904761904761,4,0,40,40,29,0,5,0,0,1,0,0,0,0,0,0.0,0.0,0
trunk-examples-programs-20170304-DifficultPathPrograms-resultKnown-gauss_sum.i_3-f2583875,LCPS,true,true,8,SAFE,5199,11,1,4,39.57936507936508,0.7196248196248197,4,0,168,168,134,0,10,0,0,1,0,0,0,0,0,0.0,0.0,0
trunk-examples-programs-20170304-DifficultPathPrograms-resultKnown-gauss_sum.i_3-f2583875,LCPS,true,true,16,SAFE,8573,19,1,4,90.82389081506727,0.5311338644155981,4,0,600,600,474,0,18,0,0,1,0,0,0,0,0,0.0,0.0,0
trunk-examples-programs-20170304-DifficultPathPrograms-resultKnown-gauss_sum.i_3-f2583875,BATCH_LCPS,true,true,4,SAFE,3553,7,1,0,18.4,0.8761904761904761,4,0,0,0,0,0,0,0,0,0,4,6,24,6,0,6.0,1.5,3
trunk-examples-programs-20170304-DifficultPathPrograms-resultKnown-gauss_sum.i_3-f2583875,BATCH_LCPS,true,true,8,SAFE,4958,10,0,0,29.579365079365083,0.6573192239858907,3,0,0,0,0,0,0,0,0,0,3,9,36,9,0,12.0,3.0,3
trunk-examples-programs-20170304-DifficultPathPrograms-resultKnown-gauss_sum.i_3-f2583875,BATCH_LCPS,true,true,16,SAFE,8358,18,0,0,72.82389081506727,0.475973142582139,3,0,0,0,0,0,0,0,0,0,3,17,40,17,0,13.333333333333334,5.666666666666667,3
trunk-examples-programs-20170304-DifficultPathPrograms-resultKnown-jain_1.i_2-db2cf3f1,PAPER,true,true,4,SAFE,39124,5,0,2,6.416666666666667,0.6416666666666667,2,0,0,0,0,0,0,0,0,0,0,0,0,0,0,0.0,0.0,0
trunk-examples-programs-20170304-DifficultPathPrograms-resultKnown-jain_1.i_2-db2cf3f1,PAPER,true,true,8,SAFE,40948,9,0,2,16.460714285714285,0.4572420634920635,2,0,0,0,0,0,0,0,0,0,0,0,0,0,0,0.0,0.0,0
trunk-examples-programs-20170304-DifficultPathPrograms-resultKnown-jain_1.i_2-db2cf3f1,PAPER,true,true,16,SAFE,44400,17,0,2,41.47239288489287,0.3049440653300946,2,0,0,0,0,0,0,0,0,0,0,0,0,0,0,0.0,0.0,0
trunk-examples-programs-20170304-DifficultPathPrograms-resultKnown-jain_1.i_2-db2cf3f1,LCPS,true,true,4,SAFE,45237,5,0,2,6.416666666666667,0.6416666666666667,2,0,36,36,25,0,4,0,0,0,0,0,0,0,0,0.0,0.0,0
trunk-examples-programs-20170304-DifficultPathPrograms-resultKnown-jain_1.i_2-db2cf3f1,LCPS,true,true,8,SAFE,40846,9,0,2,16.460714285714285,0.4572420634920635,2,0,150,150,121,0,8,0,0,0,0,0,0,0,0,0.0,0.0,0
trunk-examples-programs-20170304-DifficultPathPrograms-resultKnown-jain_1.i_2-db2cf3f1,LCPS,true,true,16,SAFE,44270,17,0,2,41.47239288489287,0.3049440653300946,2,0,618,618,505,0,16,0,0,0,0,0,0,0,0,0.0,0.0,0
trunk-examples-programs-20170304-DifficultPathPrograms-resultKnown-jain_1.i_2-db2cf3f1,BATCH_LCPS,true,true,4,SAFE,39172,5,0,0,6.416666666666667,0.6416666666666667,2,0,0,0,0,0,0,0,0,0,2,4,16,4,0,8.0,2.0,0
trunk-examples-programs-20170304-DifficultPathPrograms-resultKnown-jain_1.i_2-db2cf3f1,BATCH_LCPS,true,true,8,SAFE,41648,9,0,0,16.460714285714285,0.4572420634920635,2,0,0,0,0,0,0,0,0,0,2,8,32,8,0,16.0,4.0,0
trunk-examples-programs-20170304-DifficultPathPrograms-resultKnown-jain_1.i_2-db2cf3f1,BATCH_LCPS,true,true,16,SAFE,56336,17,0,0,41.47239288489287,0.3049440653300946,2,0,0,0,0,0,0,0,0,0,2,16,36,16,0,18.0,8.0,0
trunk-examples-programs-20170304-DifficultPathPrograms-resultKnown-jain_2.i_2-b9aa1d3f,PAPER,true,true,4,SAFE,51329,5,0,2,6.416666666666667,0.6416666666666667,2,0,0,0,0,0,0,0,0,0,0,0,0,0,0,0.0,0.0,0
trunk-examples-programs-20170304-DifficultPathPrograms-resultKnown-jain_2.i_2-b9aa1d3f,PAPER,true,true,8,SAFE,53027,9,0,2,16.460714285714285,0.4572420634920635,2,0,0,0,0,0,0,0,0,0,0,0,0,0,0,0.0,0.0,0
trunk-examples-programs-20170304-DifficultPathPrograms-resultKnown-jain_2.i_2-b9aa1d3f,PAPER,true,true,16,SAFE,56510,17,0,2,41.47239288489287,0.3049440653300946,2,0,0,0,0,0,0,0,0,0,0,0,0,0,0,0.0,0.0,0
trunk-examples-programs-20170304-DifficultPathPrograms-resultKnown-jain_2.i_2-b9aa1d3f,LCPS,true,true,4,SAFE,40721,5,0,2,6.416666666666667,0.6416666666666667,2,0,36,36,25,0,4,0,0,0,0,0,0,0,0,0.0,0.0,0
trunk-examples-programs-20170304-DifficultPathPrograms-resultKnown-jain_2.i_2-b9aa1d3f,LCPS,true,true,8,SAFE,52984,9,0,2,16.460714285714285,0.4572420634920635,2,0,150,150,121,0,8,0,0,0,0,0,0,0,0,0.0,0.0,0
trunk-examples-programs-20170304-DifficultPathPrograms-resultKnown-jain_2.i_2-b9aa1d3f,LCPS,true,true,16,SAFE,56506,17,0,2,41.47239288489287,0.3049440653300946,2,0,618,618,505,0,16,0,0,0,0,0,0,0,0,0.0,0.0,0
trunk-examples-programs-20170304-DifficultPathPrograms-resultKnown-jain_2.i_2-b9aa1d3f,BATCH_LCPS,true,true,4,SAFE,51290,5,0,0,6.416666666666667,0.6416666666666667,2,0,0,0,0,0,0,0,0,0,2,4,16,4,0,8.0,2.0,0
trunk-examples-programs-20170304-DifficultPathPrograms-resultKnown-jain_2.i_2-b9aa1d3f,BATCH_LCPS,true,true,8,SAFE,53058,9,0,0,16.460714285714285,0.4572420634920635,2,0,0,0,0,0,0,0,0,0,2,8,32,8,0,16.0,4.0,0
trunk-examples-programs-20170304-DifficultPathPrograms-resultKnown-jain_2.i_2-b9aa1d3f,BATCH_LCPS,true,true,16,SAFE,45235,17,0,0,41.47239288489287,0.3049440653300946,2,0,0,0,0,0,0,0,0,0,2,16,36,16,0,18.0,8.0,0
trunk-examples-programs-20170304-DifficultPathPrograms-resultKnown-jain_4.i_2-d2b55c6a,PAPER,true,true,4,SAFE,27205,5,0,2,6.416666666666667,0.6416666666666667,2,0,0,0,0,0,0,0,0,0,0,0,0,0,0,0.0,0.0,0
trunk-examples-programs-20170304-DifficultPathPrograms-resultKnown-jain_4.i_2-d2b55c6a,PAPER,true,true,8,SAFE,29064,9,0,2,16.460714285714285,0.4572420634920635,2,0,0,0,0,0,0,0,0,0,0,0,0,0,0,0.0,0.0,0
trunk-examples-programs-20170304-DifficultPathPrograms-resultKnown-jain_4.i_2-d2b55c6a,PAPER,true,true,16,SAFE,32479,17,0,2,41.47239288489287,0.3049440653300946,2,0,0,0,0,0,0,0,0,0,0,0,0,0,0,0.0,0.0,0
trunk-examples-programs-20170304-DifficultPathPrograms-resultKnown-jain_4.i_2-d2b55c6a,LCPS,true,true,4,SAFE,27239,5,0,2,6.416666666666667,0.6416666666666667,2,0,36,36,25,0,4,0,0,0,0,0,0,0,0,0.0,0.0,0
trunk-examples-programs-20170304-DifficultPathPrograms-resultKnown-jain_4.i_2-d2b55c6a,LCPS,true,true,8,SAFE,77207,9,0,2,16.460714285714285,0.4572420634920635,2,0,150,150,121,0,8,0,0,0,0,0,0,0,0,0.0,0.0,0
trunk-examples-programs-20170304-DifficultPathPrograms-resultKnown-jain_4.i_2-d2b55c6a,LCPS,true,true,16,SAFE,45259,17,0,2,41.47239288489287,0.3049440653300946,2,0,618,618,505,0,16,0,0,0,0,0,0,0,0,0.0,0.0,0
trunk-examples-programs-20170304-DifficultPathPrograms-resultKnown-jain_4.i_2-d2b55c6a,BATCH_LCPS,true,true,4,SAFE,27239,5,0,0,6.416666666666667,0.6416666666666667,2,0,0,0,0,0,0,0,0,0,2,4,16,4,0,8.0,2.0,0
trunk-examples-programs-20170304-DifficultPathPrograms-resultKnown-jain_4.i_2-d2b55c6a,BATCH_LCPS,true,true,8,SAFE,29036,9,0,0,16.460714285714285,0.4572420634920635,2,0,0,0,0,0,0,0,0,0,2,8,32,8,0,16.0,4.0,0
trunk-examples-programs-20170304-DifficultPathPrograms-resultKnown-jain_4.i_2-d2b55c6a,BATCH_LCPS,true,true,16,SAFE,32388,17,0,0,41.47239288489287,0.3049440653300946,2,0,0,0,0,0,0,0,0,0,2,16,36,16,0,18.0,8.0,0
trunk-examples-programs-20170304-DifficultPathPrograms-resultKnown-jain_6.i_2-f35d9452,PAPER,true,true,4,SAFE,27237,5,0,2,6.416666666666667,0.6416666666666667,2,0,0,0,0,0,0,0,0,0,0,0,0,0,0,0.0,0.0,0
trunk-examples-programs-20170304-DifficultPathPrograms-resultKnown-jain_6.i_2-f35d9452,PAPER,true,true,8,SAFE,29112,9,0,2,16.460714285714285,0.4572420634920635,2,0,0,0,0,0,0,0,0,0,0,0,0,0,0,0.0,0.0,0
trunk-examples-programs-20170304-DifficultPathPrograms-resultKnown-jain_6.i_2-f35d9452,PAPER,true,true,16,SAFE,32384,17,0,2,41.47239288489287,0.3049440653300946,2,0,0,0,0,0,0,0,0,0,0,0,0,0,0,0.0,0.0,0
trunk-examples-programs-20170304-DifficultPathPrograms-resultKnown-jain_6.i_2-f35d9452,LCPS,true,true,4,SAFE,27259,5,0,2,6.416666666666667,0.6416666666666667,2,0,36,36,25,0,4,0,0,0,0,0,0,0,0,0.0,0.0,0
trunk-examples-programs-20170304-DifficultPathPrograms-resultKnown-jain_6.i_2-f35d9452,LCPS,true,true,8,SAFE,29065,9,0,2,16.460714285714285,0.4572420634920635,2,0,150,150,121,0,8,0,0,0,0,0,0,0,0,0.0,0.0,0
trunk-examples-programs-20170304-DifficultPathPrograms-resultKnown-jain_6.i_2-f35d9452,LCPS,true,true,16,SAFE,32447,17,0,2,41.47239288489287,0.3049440653300946,2,0,618,618,505,0,16,0,0,0,0,0,0,0,0,0.0,0.0,0
trunk-examples-programs-20170304-DifficultPathPrograms-resultKnown-jain_6.i_2-f35d9452,BATCH_LCPS,true,true,4,SAFE,40088,5,0,0,6.416666666666667,0.6416666666666667,2,0,0,0,0,0,0,0,0,0,2,4,16,4,0,8.0,2.0,0
trunk-examples-programs-20170304-DifficultPathPrograms-resultKnown-jain_6.i_2-f35d9452,BATCH_LCPS,true,true,8,SAFE,29048,9,0,0,16.46071428571429,0.4572420634920636,2,0,0,0,0,0,0,0,0,0,2,8,32,8,0,16.0,4.0,0
trunk-examples-programs-20170304-DifficultPathPrograms-resultKnown-jain_6.i_2-f35d9452,BATCH_LCPS,true,true,16,SAFE,32492,17,0,0,41.47239288489287,0.3049440653300946,2,0,0,0,0,0,0,0,0,0,2,16,36,16,0,18.0,8.0,0
